cbsa_cd,cbsa_name,n_agencies,total_revenue,pct_revenue_under_1M,pct_revenue_1M_2M,pct_revenue_2M_5M,pct_revenue_5M_10M,pct_revenue_10M_20M,pct_revenue_20M_50M,pct_revenue_50M_plus,pct_revenue_top2,n_agencies_1m_to_5m,pct_agencies_ownership_change,pct_revenue_ownership_change
10180,"Abilene, TX",7,58445275.0,0.0,2.7081607537991736,19.53086199012666,0.0,77.76097725607416,0.0,0.0,55.83930779690916,4,0.0,0.0
10380,"Aguadilla, PR",1,4760963.0,0.0,0.0,100.0,0.0,0.0,0.0,0.0,100.0,1,0.0,0.0
10420,"Akron, OH",6,64715137.0,0.0,6.02727921289883,3.7353146606179632,9.27317360079142,0.0,0.0,80.96423252569178,90.23740612648321,4,0.0,0.0
10500,"Albany, GA",2,3897163.0,10.683515162183364,0.0,89.31648483781663,0.0,0.0,0.0,0.0,100.0,1,50.0,89.31648483781663
10580,"Albany-Schenectady-Troy, NY",4,85174966.0,0.0,0.0,5.198226906248486,22.219117762841258,0.0,0.0,72.58265533091026,83.91425715391539,1,0.0,0.0
10740,"Albuquerque, NM",15,75934676.0,2.09293182471734,5.5209638347571275,23.53036049037728,18.002305033868847,18.363892143294322,32.48954667298508,0.0,50.8534388162794,8,0.0,0.0
10780,"Alexandria, LA",8,22460535.0,3.3556547072453973,5.375749063858007,68.03152729888224,23.237068930014356,0.0,0.0,0.0,41.380902102287415,6,0.0,0.0
10900,"Allentown-Bethlehem-Easton, PA-NJ",9,67149915.0,1.1209887607452669,6.687342791126392,11.295195235913551,0.0,20.06703061351604,60.82944259869875,0.0,80.89647321221479,6,0.0,0.0
11020,"Altoona, PA",5,73485926.0,0.9086542639470856,0.0,11.518029996655414,0.0,0.0,0.0,87.5733157393975,92.81835953186464,3,0.0,0.0
11100,"Amarillo, TX",9,50484030.0,1.619850871651887,0.0,36.3264303582737,31.360945233571886,30.692773536502532,0.0,0.0,46.93952127038986,5,0.0,0.0
11200,"Amherst Town-Northampton, MA",1,11645319.0,0.0,0.0,0.0,0.0,100.0,0.0,0.0,100.0,0,0.0,0.0
11244,,22,68774623.0,8.647314577064275,16.8054414489484,4.320817578309372,0.0,0.0,70.22642639567795,0.0,74.54724397398732,9,0.0,0.0
11460,"Ann Arbor, MI",6,7100116.0,24.831763312036028,36.85125707805337,38.316979609910604,0.0,0.0,0.0,0.0,57.109306383163315,3,16.666666666666668,18.058930304800654
11540,"Appleton, WI",3,44538355.0,0.0,0.0,4.942225639002608,13.731640964287973,0.0,81.32613339670942,0.0,95.05777436099739,1,0.0,0.0
11640,"Arecibo, PR",5,12629877.0,6.64837036813581,0.0,93.35162963186418,0.0,0.0,0.0,0.0,53.776620310712445,4,0.0,0.0
11694,,55,213970332.0,3.621875017701052,9.400764027416662,17.287277939074283,35.21086792537201,24.031021739967205,10.448193350468793,0.0,19.354645858099616,24,3.6363636363636362,0.9982991473789927
11700,"Asheville, NC",3,48100799.0,0.0,2.087397758195243,0.0,0.0,0.0,97.91260224180476,0.0,97.91260224180476,1,0.0,0.0
12020,"Athens-Clarke County, GA",2,4973229.0,0.0,36.24238899917941,63.75761100082059,0.0,0.0,0.0,0.0,100.0,2,0.0,0.0
12054,,24,345730408.0,0.12411144350369088,0.49018193389573067,4.98744385827931,12.215648384622275,17.091906188361655,48.60385089413368,16.486857297203663,29.085038421034692,6,0.0,0.0
12100,"Atlantic City-Hammonton, NJ",3,34202776.0,0.0,0.0,0.0,43.24014518587614,56.759854814123855,0.0,0.0,80.66785865568339,0,0.0,0.0
12260,"Augusta-Richmond County, GA-SC",8,40751076.0,2.271809951717594,4.450505797687403,37.31706127219807,22.908872393946115,33.05175058445082,0.0,0.0,55.96062297839694,5,0.0,0.0
12420,"Austin-Round Rock-San Marcos, TX",38,165795941.0,3.7999024354884536,2.3395976865320245,19.7908047700637,29.54844956065601,44.52124554725981,0.0,0.0,16.36232638530035,13,0.0,0.0
12540,"Bakersfield-Delano, CA",7,27419857.0,4.384654522450646,0.0,20.91135267408579,21.76766640322012,52.93632640024344,0.0,0.0,74.70399280346356,2,0.0,0.0
12580,"Baltimore-Columbia-Towson, MD",18,210405998.0,0.46058953129273433,1.5624226643957173,3.0246095931162573,13.338234302617172,23.83073889366975,57.78340501490836,0.0,35.17314653739101,4,5.555555555555555,1.3400744402733233
12620,"Bangor, ME",4,37513876.0,0.0,0.0,35.21415115836071,0.0,0.0,64.7858488416393,0.0,77.0293850734059,3,0.0,0.0
12700,"Barnstable Town, MA",5,69547444.0,0.0,0.0,7.080165304133966,7.585470718377516,35.583139475262385,49.75122450222613,0.0,69.05756018869651,1,0.0,0.0
12940,"Baton Rouge, LA",19,64348852.0,1.8884066494302028,12.005320623280117,44.04795597596675,22.11802939390434,19.94028735741859,0.0,0.0,31.05049488683963,13,0.0,0.0
12980,"Battle Creek, MI",1,14294499.0,0.0,0.0,0.0,0.0,100.0,0.0,0.0,100.0,0,0.0,0.0
13020,"Bay City, MI",3,176201399.0,0.20598928388758142,0.0,2.015165044177657,0.0,0.0,0.0,97.77884567193476,99.79401071611242,1,0.0,0.0
13140,"Beaumont-Port Arthur, TX",18,53050887.0,4.4041676437945325,5.9753477825922126,52.578086017675815,37.04239855593743,0.0,0.0,0.0,26.27275770148763,11,5.555555555555555,8.266114381838705
13220,"Beckley, WV",3,22675568.0,0.0,8.101750747765172,0.0,38.2797070397531,53.618542212481735,0.0,0.0,91.89824925223483,1,0.0,0.0
13380,"Bellingham, WA",3,24922471.0,0.0,0.0,36.280949027887324,0.0,63.719050972112676,0.0,0.0,82.24188123240268,2,33.333333333333336,18.52283026029
13460,"Bend, OR",4,14825012.0,2.6305745991976264,10.537704792414333,24.865025404363923,61.96669520402411,0.0,0.0,0.0,86.83172060838804,2,0.0,0.0
13740,"Billings, MT",4,9471990.0,4.187356616719401,21.053664541453273,74.75897884182733,0.0,0.0,0.0,0.0,74.75897884182733,3,0.0,0.0
13780,"Binghamton, NY",1,9729151.0,0.0,0.0,0.0,100.0,0.0,0.0,0.0,100.0,0,0.0,0.0
13900,"Bismarck, ND",1,4937120.0,0.0,0.0,100.0,0.0,0.0,0.0,0.0,100.0,1,0.0,0.0
13980,"Blacksburg-Christiansburg-Radford, VA",5,19671874.0,0.0,22.72521163972482,0.0,77.27478836027518,0.0,0.0,0.0,77.27478836027518,3,0.0,0.0
14010,"Bloomington, IL",1,203621254.0,0.0,0.0,0.0,0.0,0.0,0.0,100.0,100.0,0,0.0,0.0
14020,"Bloomington, IN",1,28534526.0,0.0,0.0,0.0,0.0,0.0,100.0,0.0,100.0,0,0.0,0.0
14260,"Boise City, ID",11,58141860.0,1.1753476754957617,6.109071845998735,21.16008672581166,38.152301973139494,33.403191779554355,0.0,0.0,49.06464464673129,6,0.0,0.0
14454,,29,346207661.0,0.700176591412863,1.6417195921034227,4.024379749355114,10.279245380419239,31.083829482329108,37.26340850672279,15.007240697657467,27.900953352964653,8,0.0,0.0
14540,"Bowling Green, KY",1,5317778.0,0.0,0.0,0.0,100.0,0.0,0.0,0.0,100.0,0,0.0,0.0
14580,"Bozeman, MT",2,3336642.0,0.0,39.57367916605977,60.42632083394023,0.0,0.0,0.0,0.0,100.0,2,0.0,0.0
14740,"Bremerton-Silverdale-Port Orchard, WA",2,10125635.0,0.0,0.0,22.757506072458668,77.24249392754133,0.0,0.0,0.0,100.0,1,0.0,0.0
15180,"Brownsville-Harlingen, TX",20,34445492.0,16.94956193396802,29.41987590132259,23.497356344917357,0.0,30.133205819792035,0.0,0.0,42.46702587380665,9,5.0,1.2787594963079638
15260,"Brunswick-St. Simons, GA",2,2133553.0,35.70790132703523,64.29209867296477,0.0,0.0,0.0,0.0,0.0,100.0,1,0.0,0.0
15380,"Buffalo-Cheektowaga, NY",5,221945992.0,0.0,0.4691726985545204,0.0,0.0,6.5638017919242255,14.459160406915569,78.50786510260568,78.50786510260568,1,0.0,0.0
15500,"Burlington, NC",1,3354813.0,0.0,0.0,100.0,0.0,0.0,0.0,0.0,100.0,1,0.0,0.0
15540,"Burlington-South Burlington, VT",2,30573732.0,0.0,0.0,12.204905178079011,0.0,0.0,87.79509482192098,0.0,100.0,1,0.0,0.0
15764,,25,468651312.0,0.13544867660586,0.0,3.5373802602306594,9.792736481232769,17.437171284394058,14.914042105572939,54.18322119196372,43.197098955310295,5,0.0,0.0
15804,,5,75574798.0,0.0,0.0,4.1345687751623235,19.577781736181418,20.087507213714286,56.20014227494197,0.0,76.28764948865626,1,0.0,0.0
15940,"Canton-Massillon, OH",7,78306982.0,0.0,1.708644575269163,6.063954808014437,26.92766144403318,0.0,0.0,65.29973917268322,76.60997457417015,3,0.0,0.0
15980,"Cape Coral-Fort Myers, FL",21,144116705.0,1.9276439882524377,3.0501002642268293,10.132089128737713,10.945853223607909,30.86639609197282,43.07791730320229,0.0,43.07791730320229,8,4.761904761904762,1.313298829583982
16020,"Cape Girardeau, MO-IL",1,1227098.0,0.0,100.0,0.0,0.0,0.0,0.0,0.0,100.0,1,0.0,0.0
16180,"Carson City, NV",2,7172714.0,0.0,26.005818717991545,0.0,73.99418128200846,0.0,0.0,0.0,100.0,1,0.0,0.0
16220,"Casper, WY",4,5972285.0,13.902718976070297,86.09728102392971,0.0,0.0,0.0,0.0,0.0,62.993175978708315,3,0.0,0.0
16300,"Cedar Rapids, IA",7,42136046.0,2.0676097610107984,0.0,26.531072706727155,17.215789540385444,0.0,54.185527991876604,0.0,71.40131753226204,3,0.0,0.0
16540,"Chambersburg, PA",2,13091317.0,0.0,0.0,29.080129982338676,70.91987001766132,0.0,0.0,0.0,100.0,1,0.0,0.0
16580,"Champaign-Urbana, IL",2,206307469.0,0.0,0.0,1.3020444742114499,0.0,0.0,0.0,98.69795552578854,100.0,1,0.0,0.0
16620,"Charleston, WV",5,51092358.0,0.0,0.0,5.8866807439186895,23.004099752060768,21.612602025531878,49.496617478488666,0.0,71.10921950402054,1,0.0,0.0
16700,"Charleston-North Charleston, SC",8,83541494.0,0.0,1.7567354014521215,6.647294337350491,7.912661940185077,27.638770740681274,56.044537580331045,0.0,56.04453758033104,3,0.0,0.0
16740,"Charlotte-Concord-Gastonia, NC-SC",27,175987557.0,0.9517928588553566,0.6296251956040279,19.58537443644382,40.747375679520346,38.08583182957645,0.0,0.0,17.33416641495853,11,0.0,0.0
16820,"Charlottesville, VA",3,11316332.0,0.0,10.107250299832137,40.674522451267784,49.218227248900085,0.0,0.0,0.0,89.89274970016787,2,0.0,0.0
16860,"Chattanooga, TN-GA",9,119617208.0,0.0,1.205989526189242,10.034481828066076,8.122887302301857,10.715963208236728,69.92067813520609,0.0,69.9206781352061,5,0.0,0.0
16940,"Cheyenne, WY",3,3459388.0,49.08689051358217,50.91310948641783,0.0,0.0,0.0,0.0,0.0,79.46084683186737,1,0.0,0.0
16984,,321,992250520.0,8.25679355653046,10.873837082997952,19.91708162571686,11.325547806213294,6.351703801576239,13.061241731573997,30.213794395391197,30.213794395391197,144,0.9345794392523364,0.5369045309243073
17020,"Chico, CA",2,6522689.0,0.0,24.370071913592692,75.6299280864073,0.0,0.0,0.0,0.0,100.0,2,0.0,0.0
17140,"Cincinnati, OH-KY-IN",35,218318593.0,1.108360935616693,2.5126838372396434,21.408946603095778,20.287264310099324,29.967504874859653,24.71523943908891,0.0,24.71523943908891,18,0.0,0.0
17300,"Clarksville, TN-KY",5,23414140.0,0.0,0.0,56.82702845374633,0.0,43.17297154625368,0.0,0.0,63.66161644203033,4,0.0,0.0
17410,"Cleveland, OH",32,190493519.0,2.4373537873485343,7.06409912034855,12.989755310258088,31.308276162403192,0.0,18.509366190038204,27.691149429603428,46.200515619641635,15,3.125,0.7734914068126381
17420,"Cleveland, TN",3,29141017.0,0.0,6.78587847500312,7.2429901811594295,0.0,0.0,85.97113134383744,0.0,93.21412152499688,2,0.0,0.0
17660,"Coeur d'Alene, ID",6,13644264.0,0.0,20.769643565970284,79.23035643402972,0.0,0.0,0.0,0.0,44.62773514203478,6,0.0,0.0
17780,"College Station-Bryan, TX",8,29451194.0,2.0079491513994308,14.277896509051551,13.007934415154782,70.70621992439423,0.0,0.0,0.0,52.88757392993982,4,0.0,0.0
17860,"Columbia, MO",4,11438764.0,0.0,13.076666325137925,86.92333367486206,0.0,0.0,0.0,0.0,63.49958789253804,4,0.0,0.0
17900,"Columbia, SC",8,130374757.0,0.0,2.3495967091236842,0.0,5.1491440171965195,27.062090708249602,15.40090924196315,50.03825932346704,65.4391685654302,2,0.0,0.0
17980,"Columbus, GA-AL",4,23391361.0,0.0,5.902657823116834,34.12652645564317,0.0,59.97081572123999,0.0,0.0,79.15925456411023,3,0.0,0.0
18020,"Columbus, IN",1,2897930.0,0.0,0.0,100.0,0.0,0.0,0.0,0.0,100.0,1,0.0,0.0
18140,"Columbus, OH",27,233182809.0,0.5468979490679349,3.9259159108937567,17.97639121844527,3.0539601227635953,4.906278061004059,18.868902123912573,50.72165461391281,60.81838177015871,19,3.7037037037037037,0.5740088670087168
18580,"Corpus Christi, TX",21,50631624.0,5.667665331058708,26.97229897267368,37.38471039364647,9.965692587699735,20.00963271492141,0.0,0.0,29.975325302621144,13,0.0,0.0
18880,"Crestview-Fort Walton Beach-Destin, FL",3,18128261.0,0.0,0.0,30.503284347020376,0.0,69.49671565297962,0.0,0.0,88.63882200283855,2,0.0,0.0
19124,,255,574852916.0,9.364554393249351,13.826871324420662,25.713676296285847,35.22123213862239,15.873665847421742,0.0,0.0,5.977615672388796,101,0.39215686274509803,0.14697985806164024
19340,"Davenport-Moline-Rock Island, IA-IL",6,79365635.0,0.6286763786366732,1.4237030926546483,2.5874473252812757,0.0,15.768099127538008,79.5920740758894,0.0,79.5920740758894,2,0.0,0.0
19430,"Dayton-Kettering-Beavercreek, OH",13,150007258.0,0.6079439169536717,1.9065990793592134,14.90616874018189,5.992274720467193,6.988082536646327,32.636421499018404,36.962509507373305,69.59893100639171,8,0.0,0.0
19660,"Deltona-Daytona Beach-Ormond Beach, FL",16,70850739.0,2.3196483525739935,2.022237199247844,30.243724063343926,18.002817161864748,47.41157322296949,0.0,0.0,33.21591465686759,7,0.0,0.0
19780,"Des Moines-West Des Moines, IA",12,119675353.0,2.1116536836118627,2.9437423092455806,5.650079845596946,4.422215491605861,23.42304852027468,0.0,61.44926014966507,76.36506323904472,4,0.0,0.0
19804,,29,79424086.0,9.671484290042695,11.816254328693187,8.953802754494399,15.345188863740905,0.0,54.21326976302881,0.0,62.82030743167759,9,0.0,0.0
20260,"Duluth, MN-WI",6,14966526.0,3.722974857358347,8.62977153148299,87.64725361115866,0.0,0.0,0.0,0.0,53.10388663341112,5,0.0,0.0
20500,"Durham-Chapel Hill, NC",8,100972707.0,1.0533628656702252,0.0,12.717553467195843,7.816933144121807,16.783215488121954,0.0,61.628935034890176,78.41215052301213,3,0.0,0.0
20580,"Eagle Pass, TX",5,8883158.0,11.165105922916151,36.064055147955266,52.77083892912858,0.0,0.0,0.0,0.0,74.69643115657742,3,0.0,0.0
20740,"Eau Claire, WI",2,4674436.0,0.0,33.86346502551324,66.13653497448676,0.0,0.0,0.0,0.0,100.0,2,0.0,0.0
20940,"El Centro, CA",1,4426640.0,0.0,0.0,100.0,0.0,0.0,0.0,0.0,100.0,1,0.0,0.0
20994,,7,14909137.0,11.082465738962624,16.432674808743123,38.83508482080485,33.64977463148941,0.0,0.0,0.0,58.765889668865476,4,0.0,0.0
21060,"Elizabethtown, KY",2,14822394.0,0.0,0.0,0.0,100.0,0.0,0.0,0.0,100.0,0,50.0,59.57472861671333
21300,"Elmira, NY",1,2938703.0,0.0,0.0,100.0,0.0,0.0,0.0,0.0,100.0,1,0.0,0.0
21340,"El Paso, TX",41,150924277.0,3.042350171404167,12.504272589624529,20.3051408356258,36.638537615787286,27.50969878755821,0.0,0.0,19.80324411294016,22,0.0,0.0
21420,"Enid, OK",4,17625006.0,1.5641072689563909,0.0,33.451001378382514,0.0,64.9848913526611,0.0,0.0,85.49739500797901,2,0.0,0.0
21500,"Erie, PA",5,32359498.0,0.0,3.396121905228567,6.613511124307306,23.93504991950122,66.0553170509629,0.0,0.0,66.0553170509629,2,0.0,0.0
21660,"Eugene-Springfield, OR",4,59728048.0,0.9849091334777925,0.0,0.0,0.0,47.663400953602235,51.35168991291997,0.0,78.65887229396816,0,0.0,0.0
21780,"Evansville, IN",6,25690583.0,3.2286227214072953,4.835164698286528,15.030441309953924,21.42220750692968,55.48356376342257,0.0,0.0,76.90577127035225,2,16.666666666666668,1.4230856497106352
21794,,7,120081064.0,0.0,1.1985145301510651,2.951378745278273,13.132536866928493,28.459392231900942,0.0,54.25817762574122,70.37161579447697,2,28.571428571428573,59.47408410704955
22020,"Fargo, ND-MN",1,7572847.0,0.0,0.0,0.0,100.0,0.0,0.0,0.0,100.0,0,0.0,0.0
22140,"Farmington, NM",3,9462132.0,0.0,0.0,100.0,0.0,0.0,0.0,0.0,72.8283752541182,3,0.0,0.0
22180,"Fayetteville, NC",5,18601330.0,3.5397200092681547,0.0,48.37752461786335,48.0827553728685,0.0,0.0,0.0,67.5454819628489,3,0.0,0.0
22420,"Flint, MI",11,196788813.0,1.3921817801706033,2.396284589612317,3.712217624891106,4.949779335271462,0.0,0.0,87.54953667005451,92.49931600532598,5,9.090909090909092,0.6792281429127783
22500,"Florence, SC",5,31906456.0,4.093481895952342,0.0,23.11487367948355,0.0,0.0,72.79164442456411,0.0,86.0531204092363,2,0.0,0.0
22744,,74,191488376.0,4.2105741186086405,14.4369828485046,41.4573289816819,39.895114051204864,0.0,0.0,0.0,9.923032090470077,45,0.0,0.0
22900,"Fort Smith, AR-OK",4,8064564.0,17.409781855534906,0.0,82.5902181444651,0.0,0.0,0.0,0.0,82.5902181444651,2,0.0,0.0
23060,"Fort Wayne, IN",7,38019011.0,0.0,3.975592631802021,37.14616353381734,13.269692891274843,45.60855094310581,0.0,0.0,58.87824383438065,5,0.0,0.0
23104,,60,212969806.0,5.397873161418948,11.244825944951089,10.894929396705184,34.67991373387456,37.782457763050225,0.0,0.0,16.176485130479012,23,0.0,0.0
23224,,11,100975754.0,1.2633458523122294,1.0016602599471551,5.285185590196237,5.401179772324354,38.270964532733274,48.77766399248675,0.0,48.77766399248675,3,9.090909090909092,1.0016602599471551
23420,"Fresno, CA",11,26035949.0,9.611671923308807,12.699237504267657,27.48957988817692,50.19951068424662,0.0,0.0,0.0,50.19951068424662,5,0.0,0.0
23540,"Gainesville, FL",9,32771010.0,2.1354880426328027,6.049581627175971,33.060473265852956,58.754457064338276,0.0,0.0,0.0,42.533852328628264,4,0.0,0.0
23580,"Gainesville, GA",4,63850600.0,0.0,0.0,7.232392491221695,13.943698258121302,16.758274785201703,62.0656344654553,0.0,78.823909250657,1,0.0,0.0
23900,"Gettysburg, PA",1,3469501.0,0.0,0.0,100.0,0.0,0.0,0.0,0.0,100.0,1,0.0,0.0
24020,"Glens Falls, NY",2,3047975.0,30.081644370442675,0.0,69.91835562955733,0.0,0.0,0.0,0.0,100.0,1,0.0,0.0
24140,"Goldsboro, NC",2,57216066.0,0.0,0.0,0.0,12.801932240500422,0.0,87.19806775949958,0.0,100.0,0,0.0,0.0
24260,"Grand Island, NE",3,8322261.0,0.0,15.46130312423511,84.5386968757649,0.0,0.0,0.0,0.0,84.53869687576488,3,0.0,0.0
24340,"Grand Rapids-Wyoming-Kentwood, MI",13,72039232.0,0.0,12.19576716198196,12.596430789267716,26.429783426897167,48.77801862185316,0.0,0.0,48.77801862185316,8,7.6923076923076925,2.2590135330704246
24420,"Grants Pass, OR",2,18536188.0,0.0,0.0,0.0,41.99237728922473,58.007622710775266,0.0,0.0,100.0,0,0.0,0.0
24500,"Great Falls, MT",2,22146611.0,4.310564718005838,0.0,0.0,0.0,0.0,95.68943528199416,0.0,100.0,0,0.0,0.0
24580,"Green Bay, WI",4,29657673.0,4.2300216878107735,0.0,12.13388521749498,0.0,0.0,83.63609309469425,0.0,95.76997831218922,1,0.0,0.0
24660,"Greensboro-High Point, NC",7,85877565.0,1.05798062625553,0.0,0.0,29.424428836565177,13.825692426188377,55.69189811099092,0.0,69.5175905371793,0,0.0,0.0
24780,"Greenville, NC",2,14952411.0,0.0,0.0,17.960354353555424,0.0,82.03964564644458,0.0,0.0,100.0,1,0.0,0.0
24860,"Greenville-Anderson-Greer, SC",8,140417180.0,0.0,1.2960771609285986,3.2757928908699068,9.653325896446574,9.940396894454082,38.16312861431913,37.6712785429817,60.136207691964756,2,0.0,0.0
25060,"Gulfport-Biloxi, MS",5,48305687.0,0.0,0.0,7.534787777679261,39.75349941715972,0.0,52.711712805161014,0.0,69.17024283289874,1,0.0,0.0
25180,"Hagerstown-Martinsburg, MD-WV",5,7591588.0,17.855236611892007,29.921078435763377,52.22368495234462,0.0,0.0,0.0,0.0,67.66355076171152,3,0.0,0.0
25220,"Hammond, LA",12,39236795.0,0.0,6.024049619751053,63.00183539455758,30.974114985691365,0.0,0.0,0.0,30.974114985691365,10,0.0,0.0
25420,"Harrisburg-Carlisle, PA",7,39188345.0,1.646938649743948,12.471889282387403,6.978411565989837,0.0,78.90276050187882,0.0,0.0,78.90276050187882,4,0.0,0.0
25500,"Harrisonburg, VA",2,16333291.0,0.0,0.0,28.010944028365138,0.0,71.98905597163487,0.0,0.0,100.0,1,0.0,0.0
25620,"Hattiesburg, MS",3,15008575.0,0.0,7.978265758074968,0.0,92.02173424192503,0.0,0.0,0.0,92.02173424192503,1,0.0,0.0
25740,"Helena, MT",1,9982652.0,0.0,0.0,0.0,100.0,0.0,0.0,0.0,100.0,0,0.0,0.0
25860,"Hickory-Lenoir-Morganton, NC",6,49175160.0,0.27142565474113356,0.0,20.93864666632503,16.52675659825001,0.0,62.26317108068382,0.0,78.78992767893384,3,0.0,0.0
25940,"Hilton Head Island-Bluffton-Port Royal, SC",5,27455687.0,1.445518372933083,5.546617718944712,0.0,93.0078639081222,0.0,0.0,0.0,64.21972249319421,1,0.0,0.0
26140,"Homosassa Springs, FL",3,8952741.0,5.1552144756561145,0.0,94.84478552434389,0.0,0.0,0.0,0.0,94.84478552434389,2,0.0,0.0
26380,"Houma-Bayou Cane-Thibodaux, LA",6,16499576.0,0.0,19.859928521799592,80.14007147820041,0.0,0.0,0.0,0.0,49.57101927952573,6,0.0,0.0
26420,"Houston-Pasadena-The Woodlands, TX",239,515202791.0,10.474803697249381,14.024740599668064,24.588452200368614,24.58893899897371,26.323064503740234,0.0,0.0,6.252186432740035,91,1.2552301255230125,0.82101379765235
26580,"Huntington-Ashland, WV-KY-OH",8,36282785.0,0.0,4.769735840288996,35.09724239746205,60.13302176224896,0.0,0.0,0.0,44.634704860721136,5,0.0,0.0
26820,"Idaho Falls, ID",8,35127960.0,1.8353812746313762,9.903552611651802,17.43167835536137,70.82938775835545,0.0,0.0,0.0,56.1559652197281,4,0.0,0.0
26900,"Indianapolis-Carmel-Greenwood, IN",33,187560544.0,1.0066824075750176,6.494727910364773,13.900169749987503,31.861229299910754,6.374846620193211,40.362344011968744,0.0,29.530995068984232,16,0.0,0.0
26980,"Iowa City, IA",2,2411209.0,31.176807983049166,68.82319201695083,0.0,0.0,0.0,0.0,0.0,100.0,1,0.0,0.0
27060,"Ithaca, NY",1,4995326.0,0.0,0.0,100.0,0.0,0.0,0.0,0.0,100.0,1,0.0,0.0
27100,"Jackson, MI",1,61426233.0,0.0,0.0,0.0,0.0,0.0,0.0,100.0,100.0,0,0.0,0.0
27140,"Jackson, MS",5,94720050.0,0.0,1.8282369994525975,0.0,10.01151498547562,18.952083534584283,69.2081644804875,0.0,69.2081644804875,1,0.0,0.0
27180,"Jackson, TN",5,56190444.0,1.6756728243684995,2.538630945859762,0.0,0.0,45.796286998550855,49.98940923122088,0.0,76.6085973622134,1,20.0,2.538630945859762
27260,"Jacksonville, FL",38,172832452.0,0.8137568979233136,8.699885250716688,21.987927938440635,26.182747207682965,13.674121223484118,28.64156148175228,0.0,28.64156148175228,23,2.6315789473684212,0.25518471496313666
27340,"Jacksonville, NC",2,12364340.0,0.0,12.246314805319168,0.0,0.0,87.75368519468083,0.0,0.0,100.0,1,0.0,0.0
27500,"Janesville-Beloit, WI",1,22223778.0,0.0,0.0,0.0,0.0,0.0,100.0,0.0,100.0,0,0.0,0.0
27620,"Jefferson City, MO",4,19380725.0,0.0,8.972084377648411,36.77395453472458,0.0,54.25396108762701,0.0,0.0,74.24731014964611,3,0.0,0.0
27740,"Johnson City, TN",5,58714187.0,0.0,2.121734224132236,4.263518117009778,14.635513900584199,28.158630553804652,50.82060320446914,0.0,78.97923375827379,2,0.0,0.0
27780,"Johnstown, PA",2,19760655.0,0.0,0.0,12.45707695417991,0.0,87.54292304582009,0.0,0.0,100.0,1,0.0,0.0
27900,"Joplin, MO-KS",1,3064773.0,0.0,0.0,100.0,0.0,0.0,0.0,0.0,100.0,1,0.0,0.0
27980,"Kahului-Wailuku, HI",1,5440842.0,0.0,0.0,0.0,100.0,0.0,0.0,0.0,100.0,0,0.0,0.0
28020,"Kalamazoo-Portage, MI",6,13660794.0,9.178873497397005,0.0,42.872456754709866,47.94866974789313,0.0,0.0,0.0,72.94201200896522,2,0.0,0.0
28100,"Kankakee, IL",1,4162696.0,0.0,0.0,100.0,0.0,0.0,0.0,0.0,100.0,1,0.0,0.0
28140,"Kansas City, MO-KS",24,250118671.0,0.0,1.987091159619987,12.824152979766954,16.51909065197296,20.4337876079631,13.576277558263532,34.659600042413466,48.235877600677,12,0.0,0.0
28420,"Kennewick-Richland, WA",2,25897940.0,0.0,0.0,17.28871099400184,0.0,0.0,82.71128900599815,0.0,100.0,1,0.0,0.0
28450,"Kenosha, WI",1,288856.0,100.0,0.0,0.0,0.0,0.0,0.0,0.0,100.0,0,0.0,0.0
28660,"Killeen-Temple, TX",8,58347429.0,1.0849715417623629,2.161377153396082,0.0,32.3508855891491,64.40276571569245,0.0,0.0,45.41543895618777,1,0.0,0.0
28700,"Kingsport-Bristol, TN-VA",7,30514637.0,0.0,17.23845510598733,21.112422212330433,18.13163630293226,43.51748637874998,0.0,0.0,61.649122681682236,5,14.285714285714286,7.674880746574177
28880,"Kiryas Joel-Poughkeepsie-Newburgh, NY",4,22612667.0,2.3718874027552785,0.0,10.37765249008443,33.94646018534656,53.30399992181374,0.0,0.0,87.2504601071603,1,0.0,0.0
28940,"Knoxville, TN",8,141631330.0,0.5836053364746345,0.0,5.926208558515973,5.29497746014247,18.749136931779148,21.041295029849678,48.40477668323809,69.44607171308778,2,12.5,0.5836053364746345
29020,"Kokomo, IN",1,26973508.0,0.0,0.0,0.0,0.0,0.0,100.0,0.0,100.0,0,0.0,0.0
29100,"La Crosse-Onalaska, WI-MN",1,3660690.0,0.0,0.0,100.0,0.0,0.0,0.0,0.0,100.0,1,0.0,0.0
29180,"Lafayette, LA",17,64751818.0,0.05062869431712326,13.70870081207604,28.92234469771953,22.602985448223244,34.71534034766406,0.0,0.0,34.71534034766406,12,0.0,0.0
29200,"Lafayette-West Lafayette, IN",1,1197430.0,0.0,100.0,0.0,0.0,0.0,0.0,0.0,100.0,1,0.0,0.0
29340,"Lake Charles, LA",7,21048326.0,0.0,8.241738559161426,91.75826144083857,0.0,0.0,0.0,0.0,37.08580910424895,7,0.0,0.0
29404,,11,36556280.0,7.154423261885509,9.075814059855105,17.09987175938033,33.848370238984934,32.82152067989412,0.0,0.0,52.26950882310782,4,0.0,0.0
29414,,32,45932563.0,13.92225162789196,40.26951642128048,27.342641428478526,18.465590522349036,0.0,0.0,0.0,25.609036883049612,18,0.0,0.0
29460,"Lakeland-Winter Haven, FL",10,77424705.0,0.8122187872720987,0.0,10.47742061141854,36.35600548946231,23.01308477701013,29.34127033483692,0.0,52.35435511184705,3,0.0,0.0
29484,,7,246429438.0,0.0,0.0,0.0,2.097088335688206,20.63750922485162,20.905513325887632,56.35988911357255,67.62994525029107,0,0.0,0.0
29540,"Lancaster, PA",5,48587941.0,0.0,0.0,9.03156608344445,29.159992599809897,61.80844131674566,0.0,0.0,61.80844131674565,1,0.0,0.0
29620,"Lansing-East Lansing, MI",4,184134262.0,0.0,1.5764779289147177,0.0,4.857179702927856,0.0,0.0,93.56634236815744,98.42352207108529,2,25.0,0.9019157988098924
29700,"Laredo, TX",30,36565873.0,34.10900650450763,30.69527425203276,8.12904972896449,27.06666951449511,0.0,0.0,0.0,35.19571924345961,9,0.0,0.0
29740,"Las Cruces, NM",13,55300442.0,2.166443805277361,1.892590659582793,43.70254038837519,33.29906115397775,18.93936399278689,0.0,0.0,32.82928009870156,7,0.0,0.0
29820,"Las Vegas-Henderson-North Las Vegas, NV",128,244418448.0,10.776147306196789,23.469593424470155,44.66650406028272,21.08775520905034,0.0,0.0,0.0,6.2214366895906315,76,0.0,0.0
29940,"Lawrence, KS",1,3142541.0,0.0,0.0,100.0,0.0,0.0,0.0,0.0,100.0,1,0.0,0.0
30020,"Lawton, OK",4,18639067.0,0.0,8.333222902197841,38.46829886925134,53.19847822855082,0.0,0.0,0.0,72.71054929949015,3,0.0,0.0
30300,"Lewiston, ID-WA",1,9992443.0,0.0,0.0,0.0,100.0,0.0,0.0,0.0,100.0,0,0.0,0.0
30340,"Lewiston-Auburn, ME",1,51890639.0,0.0,0.0,0.0,0.0,0.0,0.0,100.0,100.0,0,0.0,0.0
30460,"Lexington-Fayette, KY",9,60003803.0,0.0,3.171067340515067,24.04754911951164,14.612455480530127,58.16892805944317,0.0,0.0,40.14010578629491,5,0.0,0.0
30620,"Lima, OH",1,2931699.0,0.0,0.0,100.0,0.0,0.0,0.0,0.0,100.0,1,0.0,0.0
30700,"Lincoln, NE",5,18497126.0,5.035830971795294,10.352662354140854,16.049471685493195,68.56203498857066,0.0,0.0,0.0,68.56203498857066,2,0.0,0.0
30860,"Logan, UT-ID",4,8231945.0,1.4976047580492824,41.06713540967535,57.435259832275364,0.0,0.0,0.0,0.0,79.71479401283658,3,0.0,0.0
30980,"Longview, TX",14,94797505.0,0.0,2.3148214713034907,24.304731437815793,22.81504982646959,16.07286921739132,34.4925280470198,0.0,50.565397264411125,9,0.0,0.0
31020,"Longview-Kelso, WA",1,3961260.0,0.0,0.0,100.0,0.0,0.0,0.0,0.0,100.0,1,0.0,0.0
31084,,654,872882900.0,22.26922133541624,29.92318373976624,21.129452530230573,7.698378442285901,8.719541418442267,0.0,10.26022253385878,12.30054649942163,251,0.0,0.0
31140,"Louisville/Jefferson County, KY-IN",14,148387769.0,0.0,0.0,6.443553983212727,33.32299443089545,24.403695967691245,35.82975561820058,0.0,35.82975561820058,3,0.0,0.0
31180,"Lubbock, TX",14,54115714.0,1.7192030396198783,6.409544924418811,28.627647784523365,24.33571328283685,38.9078909686011,0.0,0.0,38.907890968601095,9,0.0,0.0
31340,"Lynchburg, VA",5,12956198.0,8.115660165119428,0.0,91.88433983488056,0.0,0.0,0.0,0.0,64.37445614832376,3,0.0,0.0
31420,"Macon-Bibb County, GA",3,64806049.0,0.8745032427451332,0.0,0.0,0.0,22.81584084843685,76.30965590881802,0.0,99.12549675725487,0,0.0,0.0
31540,"Madison, WI",6,54281177.0,0.9058738722633078,2.1011906208297586,0.0,22.449284767719757,22.174539435650043,52.36911130353714,0.0,74.54365073918717,1,0.0,0.0
31700,"Manchester-Nashua, NH",6,65548612.0,1.2534437800147469,1.8180415475464224,3.2119856328918144,0.0,53.99045215480688,39.72607688474014,0.0,68.05477284553332,2,0.0,0.0
31740,"Manhattan, KS",1,1478501.0,0.0,100.0,0.0,0.0,0.0,0.0,0.0,100.0,1,0.0,0.0
31860,"Mankato, MN",2,4646335.0,0.0,37.943475879375896,62.056524120624104,0.0,0.0,0.0,0.0,100.0,2,0.0,0.0
31900,"Mansfield, OH",3,10050185.0,0.0,31.82516540740295,0.0,68.17483459259705,0.0,0.0,0.0,84.77008134676127,2,0.0,0.0
31924,,7,111013716.0,0.0,1.7353324160412755,6.048389552152276,8.88886468767517,9.416466159911268,73.91094718422,0.0,73.91094718422,3,0.0,0.0
32420,"Mayagüez, PR",3,10699419.0,0.0,0.0,48.55915073519413,51.44084926480588,0.0,0.0,0.0,77.5011054338558,2,0.0,0.0
32580,"McAllen-Edinburg-Mission, TX",47,124490053.0,9.875344016441218,11.789049523498878,12.967584647104294,23.469798024746606,21.181706782629455,20.716517005579554,0.0,32.726615515217105,17,0.0,0.0
32780,"Medford, OR",3,42050360.0,0.0,0.0,10.60430398217756,0.0,27.59778988812462,61.79790612969782,0.0,89.39569601782244,1,0.0,0.0
32820,"Memphis, TN-MS-AR",15,77779697.0,0.0,5.701395313998201,26.377112268771118,26.256132111185774,41.66536030604491,0.0,0.0,28.76171528413128,9,6.666666666666667,1.4126231425149418
32900,"Merced, CA",1,1226469.0,0.0,100.0,0.0,0.0,0.0,0.0,0.0,100.0,1,0.0,0.0
33124,,166,551440043.0,3.6968559426867733,11.767217093445643,27.105645463617517,20.648772508528186,20.606854624084672,16.17465436763721,0.0,11.907921420207781,92,0.6024096385542169,0.12663335005579202
33140,"Michigan City-La Porte, IN",1,2993707.0,0.0,0.0,100.0,0.0,0.0,0.0,0.0,100.0,1,0.0,0.0
33220,"Midland, MI",2,12418546.0,0.0,15.440390525589711,0.0,0.0,84.5596094744103,0.0,0.0,100.0,1,100.0,100.0
33260,"Midland, TX",5,20756024.0,0.0,15.639074227318295,33.310450016824035,0.0,51.05047575585767,0.0,0.0,73.46675355549792,4,0.0,0.0
33340,"Milwaukee-Waukesha, WI",14,254833325.0,0.6782951170142288,0.4030179333884216,2.232233166521686,5.027083486824182,19.50741528801227,8.590705709310194,63.56124929892901,63.56124929892901,3,7.142857142857143,5.197348894615725
33460,"Minneapolis-St. Paul-Bloomington, MN-WI",28,383792665.0,0.7202704095452163,1.180061375065623,5.650003498633826,11.99690098298257,11.466683189476798,22.007744467966837,46.97833607632913,46.97833607632913,9,0.0,0.0
33500,"Minot, ND",1,3877658.0,0.0,0.0,100.0,0.0,0.0,0.0,0.0,100.0,1,0.0,0.0
33540,"Missoula, MT",2,31538223.0,0.0,0.0,6.393524454437398,0.0,0.0,93.6064755455626,0.0,100.0,1,0.0,0.0
33700,"Modesto, CA",5,11810710.0,4.379948368895689,20.180370189429762,23.704510567103927,51.73517087457063,0.0,0.0,0.0,75.43968144167455,3,0.0,0.0
33740,"Monroe, LA",14,47367869.0,0.0,2.4700857874775832,70.2006037045914,27.32931050793102,0.0,0.0,0.0,27.32931050793102,12,0.0,0.0
33780,"Monroe, MI",2,9956144.0,0.0,0.0,45.20025021735322,54.79974978264678,0.0,0.0,0.0,100.0,1,0.0,0.0
33874,,25,361909147.0,0.9651181875212455,0.0,4.869443932567971,7.559943766770835,14.42318450160642,46.32780364625601,25.854505965277525,39.02791299165478,5,0.0,0.0
34060,"Morgantown, WV",6,46074760.0,2.066662962541747,0.0,20.595770873250345,10.902726351694508,0.0,66.4348398125134,0.0,77.33756616420791,3,0.0,0.0
34100,"Morristown, TN",4,50119781.0,0.0,0.0,11.966009987154573,10.464826252931951,0.0,77.56916375991348,0.0,88.03399001284542,2,0.0,0.0
34620,"Muncie, IN",3,10002400.0,0.0,0.0,100.0,0.0,0.0,0.0,0.0,79.17420819003439,3,0.0,0.0
34740,"Muskegon-Norton Shores, MI",2,11947262.0,3.397012637707284,0.0,0.0,0.0,96.60298736229271,0.0,0.0,100.0,0,0.0,0.0
34820,"Myrtle Beach-Conway-North Myrtle Beach, SC",7,68410166.0,1.326839347239707,0.0,6.6787982943938475,18.75816819389095,73.23619416447549,0.0,0.0,53.80023343314208,1,0.0,0.0
34900,"Napa, CA",1,254017.0,100.0,0.0,0.0,0.0,0.0,0.0,0.0,100.0,0,0.0,0.0
34940,"Naples-Marco Island, FL",6,22958027.0,6.670081013494757,5.21943806408103,30.448766350871526,0.0,57.66171457155269,0.0,0.0,73.93074326465423,3,16.666666666666668,16.269028693101546
34980,"Nashville-Davidson--Murfreesboro--Franklin, TN",26,287643541.0,0.09661784826936197,0.0,7.799933877187251,20.321004878743306,33.38607662321888,38.39636677258121,0.0,22.623221009506345,7,0.0,0.0
35004,,8,200018827.0,0.0,0.0,0.0,11.199830703936685,15.69454459404464,23.152544535220176,49.9530801667985,62.198892407263244,0,0.0,0.0
35084,,6,179339235.0,0.1940735388996167,0.8744232682825931,0.0,0.0,21.48756963304767,0.0,77.44393355977012,85.01382923820323,1,0.0,0.0
35380,"New Orleans-Metairie, LA",15,53083344.0,1.5772028227912696,9.909262686992742,37.13096899095129,51.3825654992647,0.0,0.0,0.0,30.225931131995,10,0.0,0.0
35614,,32,1242090845.0,0.22220049452179963,0.10283539284922433,0.4422842356591075,2.2998787178082774,4.398160587038221,21.394110508881496,71.14053006324187,33.835364433428374,3,0.0,0.0
35660,"Niles, MI",4,5432122.0,11.531147496319118,44.90425656861168,43.56459593506921,0.0,0.0,0.0,0.0,67.32046887017633,3,0.0,0.0
35840,"North Port-Bradenton-Sarasota, FL",25,124272159.0,1.9511272834649955,3.9345522274220732,24.148870705626027,32.45920512252467,21.00755729205606,16.498687368906175,0.0,28.642454823690638,12,0.0,0.0
36084,,22,96017151.0,2.4098423832633817,7.235954126570575,16.042705745351682,32.74943556698532,13.41201635945228,28.15004581837676,0.0,41.56206217782904,10,4.545454545454546,2.156598043614104
36100,"Ocala, FL",12,39064212.0,8.67373185461926,3.675248844133858,23.196653755616524,34.91639355223651,29.537971993393853,0.0,0.0,49.70909690946793,4,0.0,0.0
36220,"Odessa, TX",5,10991618.0,14.852981608349197,12.724477870319001,22.26032600477928,50.16221451655252,0.0,0.0,0.0,72.4225405213318,2,0.0,0.0
36260,"Ogden, UT",12,80530956.0,1.8842505731584758,0.0,4.149285151911024,41.841130012165756,52.125334262764746,0.0,0.0,38.35056049750608,1,16.666666666666668,23.99735202448112
36420,"Oklahoma City, OK",58,172963378.0,4.99375769592104,13.662902675270368,28.089132833656844,45.441616548446454,7.812590246705288,0.0,0.0,12.972547286859765,31,0.0,0.0
36500,"Olympia-Lacey-Tumwater, WA",1,46252170.0,0.0,0.0,0.0,0.0,0.0,100.0,0.0,100.0,0,100.0,100.0
36540,"Omaha, NE-IA",18,84219055.0,1.7442240357600785,5.7092329045962344,22.829702850500993,48.94475484200102,20.772085367141678,0.0,0.0,30.89933982279901,8,0.0,0.0
36740,"Orlando-Kissimmee-Sanford, FL",55,222505914.0,2.7585370157846683,4.316194040577277,23.744130684094987,27.242215683309883,31.959703776682534,9.97921879955065,0.0,17.121732773359003,25,0.0,0.0
36780,"Oshkosh-Neenah, WI",2,12798183.0,5.229961159330196,0.0,0.0,0.0,94.7700388406698,0.0,0.0,100.0,0,0.0,0.0
36980,"Owensboro, KY",3,19917125.0,0.0,0.0,21.217680764668597,26.678604467261213,52.10371476807018,0.0,0.0,78.7823192353314,1,0.0,0.0
37100,"Oxnard-Thousand Oaks-Ventura, CA",16,24227569.0,23.574990127981888,8.324776621211976,35.39698514531111,32.70324810549503,0.0,0.0,0.0,45.84378234564103,5,0.0,0.0
37340,"Palm Bay-Melbourne-Titusville, FL",17,48201582.0,3.0975539350554926,4.782538050307146,67.3620380343533,24.75786998028405,0.0,0.0,0.0,24.75786998028405,12,0.0,0.0
37460,"Panama City-Panama City Beach, FL",7,26677254.0,0.0,3.8822099156082555,48.52217548327875,47.595614601113,0.0,0.0,0.0,47.59561460111299,5,0.0,0.0
37620,"Parkersburg-Vienna, WV",3,16664426.0,0.0,11.526013557262639,14.990801363335288,0.0,73.48318507940208,0.0,0.0,88.47398644273736,2,0.0,0.0
37860,"Pensacola-Ferry Pass-Brent, FL",10,72660147.0,0.0,1.8939777261942508,13.438101081738797,42.426722588381224,42.24119860368573,0.0,0.0,42.24119860368573,4,0.0,0.0
37900,"Peoria, IL",2,206265088.0,0.0,0.0,1.2817651429213266,0.0,0.0,0.0,98.71823485707867,100.0,1,0.0,0.0
37964,,12,248350915.0,0.0,0.5427940541310267,1.1976360143468767,7.642012512818807,28.046473676169057,17.887136433542032,44.6839473089922,62.57108374253423,2,0.0,0.0
38240,"Pinehurst-Southern Pines, NC",2,7796156.0,0.0,0.0,34.58278669641808,65.41721330358192,0.0,0.0,0.0,100.0,1,0.0,0.0
38300,"Pittsburgh, PA",34,441712060.0,0.78774869764706,1.2885213050329665,6.8023476651282735,9.927108170874936,7.354181364212696,27.80199865948872,46.038094137615346,33.92402983065484,14,0.0,0.0
38340,"Pittsfield, MA",1,4713768.0,0.0,0.0,100.0,0.0,0.0,0.0,0.0,100.0,1,0.0,0.0
38540,"Pocatello, ID",2,27460552.0,0.0,0.0,0.0,0.0,100.0,0.0,0.0,100.0,0,0.0,0.0
38660,"Ponce, PR",2,9738046.0,8.11435887651383,0.0,0.0,91.88564112348617,0.0,0.0,0.0,100.0,0,0.0,0.0
38860,"Portland-South Portland, ME",7,106885839.0,0.6509908202152017,0.0,1.9171941008948807,14.607994984256054,9.766764332551107,73.05705576208275,0.0,73.05705576208275,1,0.0,0.0
38900,"Portland-Vancouver-Hillsboro, OR-WA",19,201500486.0,0.3277917652268094,1.389375805277214,4.227239432067672,21.931849335589195,33.377469372456005,0.0,38.7462742893831,48.470519818001826,5,0.0,0.0
38940,"Port St. Lucie, FL",14,78366353.0,1.5882466803067894,3.8525079762229075,22.649310986821092,10.945272647816084,60.96466170883312,0.0,0.0,46.218983802908376,7,0.0,0.0
39300,"Providence-Warwick, RI-MA",25,256893680.0,0.0,1.0295056694271343,8.895863066775329,19.419294394474786,37.19574650493543,11.869106316667658,21.590484047719663,33.459590364387324,9,0.0,0.0
39340,"Provo-Orem-Lehi, UT",14,40644877.0,6.1603852313294,8.083992971611158,38.03664358487295,17.173755993898073,30.54522221828842,0.0,0.0,47.71897821218649,7,7.142857142857143,1.2279751763057372
39460,"Punta Gorda, FL",8,59457186.0,0.0,5.469518856812362,16.585243371591787,0.0,41.81521809659811,36.13001967499774,0.0,60.45149193572666,5,0.0,0.0
39540,"Racine-Mount Pleasant, WI",1,1657085.0,0.0,100.0,0.0,0.0,0.0,0.0,0.0,100.0,1,0.0,0.0
39580,"Raleigh-Cary, NC",8,63331302.0,1.3563687669013973,0.0,15.528283312413189,26.77272922637845,23.367209472497503,32.97540922180946,0.0,56.342618694306964,3,0.0,0.0
39660,"Rapid City, SD",3,2241528.0,45.816782123622815,54.183217876377185,0.0,0.0,0.0,0.0,0.0,95.61629388524257,1,0.0,0.0
39740,"Reading, PA",4,26645118.0,0.0,5.878386427112089,0.0,43.43240664199723,50.689206930890684,0.0,0.0,74.50015421211495,1,0.0,0.0
39820,"Redding, CA",3,13490614.0,0.0,13.398730406192039,0.0,86.60126959380796,0.0,0.0,0.0,86.60126959380796,1,0.0,0.0
39900,"Reno, NV",6,41459125.0,1.5061822940064462,3.7069547415677486,7.10936374079289,0.0,87.67749922363292,0.0,0.0,87.67749922363292,2,0.0,0.0
40060,"Richmond, VA",20,140919904.0,0.46462776471945366,4.325222929473469,7.971414740674248,45.747401303935035,0.0,41.491333261197795,0.0,41.491333261197795,8,5.0,5.6160781943195195
40140,"Riverside-San Bernardino-Ontario, CA",28,42475134.0,18.503018730912068,27.513928502262054,20.16416240146529,33.81889036536059,0.0,0.0,0.0,33.81889036536059,11,0.0,0.0
40220,"Roanoke, VA",7,53595458.0,0.0,4.892774682511343,5.532108709659688,24.545557573180922,21.873754675256247,43.155804359391794,0.0,65.02955903464805,3,0.0,0.0
40340,"Rochester, MN",6,22013212.0,11.226794163432396,0.0,16.787840865749168,26.214820445103605,45.770544525714826,0.0,0.0,71.98536497081844,1,0.0,0.0
40380,"Rochester, NY",2,69068574.0,0.0,0.0,0.0,0.0,23.2876532241711,0.0,76.7123467758289,100.0,0,0.0,0.0
40420,"Rockford, IL",4,219956458.0,0.1748386946656506,0.0,0.9153548017217116,0.0,6.336369082648166,0.0,92.57343742096447,98.90980650361264,1,0.0,0.0
40484,,7,74659366.0,0.0,0.0,7.621225982551206,8.144190509198806,56.88489505790875,27.349688450341247,0.0,47.071054688570484,2,14.285714285714286,4.038315835684969
40580,"Rocky Mount, NC",2,11765249.0,0.0,0.0,20.214319305949243,79.78568069405077,0.0,0.0,0.0,100.0,1,0.0,0.0
40660,"Rome, GA",3,39594046.0,0.0,0.0,0.0,35.40974569762332,0.0,64.59025430237666,0.0,86.44515137452737,0,0.0,0.0
40900,"Sacramento-Roseville-Folsom, CA",26,119214552.0,3.7933280158616878,8.206171843853424,23.254540267869313,19.17740713398814,12.354285406365491,33.21426733206195,0.0,45.568552738427435,14,0.0,0.0
40980,"Saginaw, MI",7,58355227.0,1.97928627713161,0.0,7.82318951479702,43.15179341175384,0.0,47.04573079631753,0.0,63.38702101184526,1,0.0,0.0
41060,"St. Cloud, MN",2,11696424.0,0.0,0.0,37.05865998017856,62.941340019821446,0.0,0.0,0.0,100.0,1,0.0,0.0
41100,"St. George, UT",10,44740460.0,3.0559006322241657,7.889722188819695,20.634982295667054,21.36159753386532,0.0,47.057797349423765,0.0,68.41939488328909,5,0.0,0.0
41140,"St. Joseph, MO-KS",3,3987310.0,21.731518241621544,0.0,78.26848175837846,0.0,0.0,0.0,0.0,94.14592795644181,1,0.0,0.0
41180,"St. Louis, MO-IL",38,578676362.0,1.0707988794607097,1.069955230001256,7.470653518762531,5.655706392928488,4.3903524782303105,7.782766665005059,72.55976683561165,72.55976683561164,16,0.0,0.0
41304,,38,144220223.0,1.6901776666924166,13.32268360173039,18.23218925406876,32.099989888380634,34.654959589127806,0.0,0.0,18.474675358115345,21,2.6315789473684212,2.541993711935947
41420,"Salem, OR",4,43057335.0,0.0,0.0,0.0,50.561132034762494,0.0,49.43886796523751,0.0,69.41900607643274,0,0.0,0.0
41500,"Salinas, CA",2,25943696.0,0.0,0.0,18.741531661487247,0.0,0.0,81.25846833851276,0.0,100.0,1,0.0,0.0
41540,"Salisbury, MD",3,45429293.0,0.0,0.0,6.471185893207715,0.0,22.29199560732763,71.23681849946465,0.0,93.52881410679228,1,0.0,0.0
41620,"Salt Lake City-Murray, UT",22,229359076.0,0.8839344992826881,3.3769646857140283,6.217006210820277,14.435651109790834,7.9648345810392085,31.70863532777748,35.412973585575486,53.38152958028136,9,4.545454545454546,2.8928883546775364
41660,"San Angelo, TX",3,15845752.0,0.0,0.0,13.309346252547686,86.69065374745232,0.0,0.0,0.0,86.69065374745232,1,0.0,0.0
41700,"San Antonio-New Braunfels, TX",66,253497677.0,4.688779061277158,6.187428691900794,22.424510028153037,27.510039470697006,30.50005898081662,8.68918376715539,0.0,16.38374855797988,28,0.0,0.0
41740,"San Diego-Chula Vista-Carlsbad, CA",11,40521477.0,10.378523467937756,4.71137564901694,6.50805991104421,12.888737989486415,0.0,65.51330298251467,0.0,78.40204097200109,2,0.0,0.0
41780,"Sandusky, OH",1,361471.0,100.0,0.0,0.0,0.0,0.0,0.0,0.0,100.0,0,0.0,0.0
41884,,5,24444834.0,0.0,7.669600047191976,21.782418322006194,70.54798163080183,0.0,0.0,0.0,70.54798163080183,3,0.0,0.0
41940,"San Jose-Sunnyvale-Santa Clara, CA",5,9470415.0,12.153849646504405,12.78654631291237,75.05960404058322,0.0,0.0,0.0,0.0,75.05960404058322,3,0.0,0.0
41980,"San Juan-Bayamón-Caguas, PR",18,60472756.0,2.5935067354958985,7.5421748597004585,49.61930790784531,40.245010496958336,0.0,0.0,0.0,31.329122820200222,12,0.0,0.0
42020,"San Luis Obispo-Paso Robles, CA",1,1061410.0,0.0,100.0,0.0,0.0,0.0,0.0,0.0,100.0,1,0.0,0.0
42034,,1,6107678.0,0.0,0.0,0.0,100.0,0.0,0.0,0.0,100.0,0,0.0,0.0
42140,"Santa Fe, NM",1,2455121.0,0.0,0.0,100.0,0.0,0.0,0.0,0.0,100.0,1,0.0,0.0
42200,"Santa Maria-Santa Barbara, CA",1,3156358.0,0.0,0.0,100.0,0.0,0.0,0.0,0.0,100.0,1,0.0,0.0
42220,"Santa Rosa-Petaluma, CA",3,16610955.0,2.8423170130796214,0.0,0.0,34.22144602763658,62.9362369592838,0.0,0.0,97.15768298692038,0,0.0,0.0
42340,"Savannah, GA",4,37553276.0,0.0,2.7516241192912174,10.165283582715926,0.0,87.08309229799286,0.0,0.0,87.08309229799286,2,0.0,0.0
42540,"Scranton--Wilkes-Barre, PA",27,103651261.0,2.6210698970657,7.801708268652901,51.32546240802608,22.490645820507673,15.761113605747642,0.0,0.0,25.134738109939637,19,0.0,0.0
42644,,11,76370939.0,0.0,4.305206984557307,18.69251470117449,25.771543806735174,15.164570649052777,36.06616385848025,0.0,51.23073450753303,6,18.181818181818183,48.2915117751793
42680,"Sebastian-Vero Beach-West Vero Corridor, FL",7,24441804.0,2.435613999686766,4.854580292027545,43.15939199905212,0.0,49.550413709233574,0.0,0.0,65.41339174473373,5,0.0,0.0
42700,"Sebring, FL",2,4942575.0,0.0,21.164797701602907,78.83520229839709,0.0,0.0,0.0,0.0,100.0,2,50.0,21.16479770160291
43300,"Sherman-Denison, TX",12,40643150.0,5.091928160095859,11.275004521057054,40.85359279484981,0.0,42.77947452399728,0.0,0.0,54.739868833985554,8,0.0,0.0
43340,"Shreveport-Bossier City, LA",9,37232548.0,2.384671605069844,6.8777377256050265,16.361853612597237,74.3757370567279,0.0,0.0,0.0,42.45882930171741,4,0.0,0.0
43580,"Sioux City, IA-NE-SD",3,26643317.0,0.0,0.0,18.361054668981343,20.756965058066907,60.88198027295175,0.0,0.0,81.63894533101866,1,0.0,0.0
43620,"Sioux Falls, SD-MN",3,23727967.0,0.0,0.0,10.737611865357028,23.097655184702507,66.16473294994046,0.0,0.0,89.26238813464298,1,0.0,0.0
43640,"Slidell-Mandeville-Covington, LA",9,33104725.0,2.4087558498069384,0.0,41.84777852708337,55.74346562310969,0.0,0.0,0.0,38.7324800311738,4,0.0,0.0
43780,"South Bend-Mishawaka, IN-MI",4,22324996.0,0.0,7.09459925547131,25.567937391791695,0.0,67.33746335273699,0.0,0.0,82.90789839335245,3,0.0,0.0
44060,"Spokane-Spokane Valley, WA",9,63332761.0,0.0,4.738809665979982,12.39055249778231,30.162509415940352,17.06720002306547,35.64092839723189,0.0,52.708128420297356,4,11.11111111111111,35.64092839723188
44100,"Springfield, IL",5,21984092.0,2.399021073965666,0.0,29.107019748643705,68.49395917739062,0.0,0.0,0.0,68.49395917739064,2,0.0,0.0
44140,"Springfield, MA",10,81087308.0,0.0,2.113986815297901,10.071822830769026,30.068383821547016,57.745806532386055,0.0,0.0,40.861647546617284,4,0.0,0.0
44180,"Springfield, MO",9,75116869.0,0.09346768699850895,0.0,9.128109426392626,30.124985640708747,60.65343724590012,0.0,0.0,45.21425806498937,2,0.0,0.0
44220,"Springfield, OH",1,9996544.0,0.0,0.0,0.0,100.0,0.0,0.0,0.0,100.0,0,0.0,0.0
44300,"State College, PA",3,4905101.0,7.163624153712635,0.0,92.83637584628737,0.0,0.0,0.0,0.0,92.83637584628737,2,0.0,0.0
44420,"Staunton-Stuarts Draft, VA",2,10466035.0,0.0,13.270880519700153,0.0,86.72911948029984,0.0,0.0,0.0,100.0,1,0.0,0.0
44700,"Stockton-Lodi, CA",5,6317904.0,15.387049249244686,42.63996414000593,41.97298661074939,0.0,0.0,0.0,0.0,65.69700964117213,3,0.0,0.0
44940,"Sumter, SC",1,3991976.0,0.0,0.0,100.0,0.0,0.0,0.0,0.0,100.0,1,0.0,0.0
45060,"Syracuse, NY",5,96055289.0,0.0,1.3969662826166709,0.0,7.412764121713276,13.733079289366357,22.29716262682839,55.16002767947531,77.4571903063037,1,0.0,0.0
45104,,6,43772358.0,0.6969124213047878,0.0,16.04808907027581,0.0,83.25499850841939,0.0,0.0,59.66437768785497,2,0.0,0.0
45220,"Tallahassee, FL",7,22679638.0,3.567958183459542,12.772509861048048,14.766920001104076,68.89261195438834,0.0,0.0,0.0,68.89261195438834,3,0.0,0.0
45294,,71,314563313.0,2.823187140071862,4.540248150298442,19.607806584870247,35.66975942932035,22.5829637672973,14.776034928141796,0.0,14.776034928141796,29,2.816901408450704,0.9689394389103474
45460,"Terre Haute, IN",3,14871795.0,2.8282866997561493,0.0,23.96568134512344,0.0,73.20603195512041,0.0,0.0,97.17171330024385,1,33.333333333333336,23.965681345123436
45500,"Texarkana, TX-AR",5,12854848.0,0.0,7.806354458644707,92.1936455413553,0.0,0.0,0.0,0.0,50.64886803795735,5,0.0,0.0
45780,"Toledo, OH",10,62099663.0,3.6056540274622746,2.2424743271151084,6.643829935115751,20.69890620823498,19.397240529308508,47.41189497276338,0.0,66.80913550207188,2,0.0,0.0
45820,"Topeka, KS",7,23273759.0,6.248578065966911,0.0,66.33011023273035,27.42131170130274,0.0,0.0,0.0,47.68683477387559,4,0.0,0.0
45900,"Traverse City, MI",3,19150614.0,0.0,14.912999656303446,0.0,0.0,85.08700034369654,0.0,0.0,93.14108153399155,2,0.0,0.0
45940,"Trenton-Princeton, NJ",1,3295336.0,0.0,0.0,100.0,0.0,0.0,0.0,0.0,100.0,1,0.0,0.0
46140,"Tulsa, OK",26,117962076.0,1.1682466490332029,6.23577699666798,28.404715427354805,22.493384229690903,41.69787669725311,0.0,0.0,24.192193769122884,15,0.0,0.0
46300,"Twin Falls, ID",4,19259045.0,3.6476886574593914,0.0,38.39779179081829,0.0,57.95451955172231,0.0,0.0,81.44113064796308,2,0.0,0.0
46340,"Tyler, TX",9,42886686.0,3.5268661234398015,0.0,5.282667446022759,62.5785471043391,28.611919326198343,0.0,0.0,50.74992971012029,1,0.0,0.0
46520,"Urban Honolulu, HI",4,45653608.0,0.0,0.0,7.980256456400993,20.63179102952827,71.38795251407075,0.0,0.0,71.38795251407073,1,0.0,0.0
46540,"Utica-Rome, NY",2,8475017.0,0.0,23.31371134712768,0.0,76.68628865287232,0.0,0.0,0.0,100.0,1,0.0,0.0
46660,"Valdosta, GA",4,19416156.0,0.0,11.166103115364338,0.0,88.83389688463566,0.0,0.0,0.0,88.83389688463566,2,25.0,5.259465364822986
46700,"Vallejo, CA",2,2150222.0,38.00147147596853,61.99852852403147,0.0,0.0,0.0,0.0,0.0,100.0,1,0.0,0.0
47020,"Victoria, TX",5,12684601.0,0.0,26.805604685555345,73.19439531444466,0.0,0.0,0.0,0.0,53.24549822260866,5,0.0,0.0
47220,"Vineland, NJ",1,32968786.0,0.0,0.0,0.0,0.0,0.0,100.0,0.0,100.0,0,0.0,0.0
47260,"Virginia Beach-Chesapeake-Norfolk, VA-NC",25,167173649.0,1.014713150156817,2.9785190607402487,15.43798927305822,28.02470322341292,37.64052012766677,14.903555164965024,0.0,24.364448131415735,11,0.0,0.0
47380,"Waco, TX",7,39132417.0,0.0,11.307395093944747,6.38848349183236,29.862216279663993,0.0,52.441905134558894,0.0,67.69855539462334,4,0.0,0.0
47460,"Walla Walla, WA",1,6267784.0,0.0,0.0,0.0,100.0,0.0,0.0,0.0,100.0,0,100.0,100.0
47664,,116,569460940.0,4.467621255989919,7.110875945240423,9.565872946439487,11.399556043299476,9.72181867293655,8.04303452314043,49.69122061295372,40.9007497511594,48,0.0,0.0
47764,,5,39138523.0,0.0,0.0,6.758221305387534,30.767548381935615,62.47423031267685,0.0,0.0,62.474230312676845,1,20.0,33.882581619137746
47940,"Waterloo-Cedar Falls, IA",1,27215701.0,0.0,0.0,0.0,0.0,0.0,100.0,0.0,100.0,0,0.0,0.0
48060,"Watertown-Fort Drum, NY",2,4233840.0,0.0,35.087320257732934,64.91267974226706,0.0,0.0,0.0,0.0,100.0,2,0.0,0.0
48140,"Wausau, WI",2,40206658.0,0.0,4.2459510064228665,0.0,0.0,0.0,95.75404899357713,0.0,100.0,1,0.0,0.0
48260,"Weirton-Steubenville, WV-OH",3,6004940.0,0.0,52.227366135215334,47.77263386478466,0.0,0.0,0.0,0.0,80.68202180204965,3,0.0,0.0
48300,"Wenatchee-East Wenatchee, WA",1,1716335.0,0.0,100.0,0.0,0.0,0.0,0.0,0.0,100.0,1,0.0,0.0
48424,,70,233224368.0,3.5262554554333705,9.978445305509414,30.72351684966298,41.230695070422485,14.541087318971746,0.0,0.0,10.180138209228634,38,1.4285714285714286,0.15857819796943345
48540,"Wheeling, WV-OH",2,4791679.0,0.0,0.0,100.0,0.0,0.0,0.0,0.0,100.0,2,0.0,0.0
48620,"Wichita, KS",18,68758983.0,2.0765461292526677,5.907286325046431,24.334736015510874,49.03972183532732,18.64170969486271,0.0,0.0,29.93105933518534,8,0.0,0.0
48660,"Wichita Falls, TX",11,62863215.0,2.5949643205489887,5.006127987567928,15.474580802143192,13.352721460396195,19.702638498524134,43.86896693081956,0.0,63.5716054293437,6,0.0,0.0
48680,"Wildwood-The Villages, FL",3,22074576.0,0.0,0.0,12.087561727119924,41.09871011792027,46.813728154959804,0.0,0.0,87.91243827288008,1,0.0,0.0
48700,"Williamsport, PA",1,24478059.0,0.0,0.0,0.0,0.0,0.0,100.0,0.0,100.0,0,0.0,0.0
48864,,1,9196517.0,0.0,0.0,0.0,100.0,0.0,0.0,0.0,100.0,0,0.0,0.0
48900,"Wilmington, NC",6,61125662.0,1.0209950773212078,0.0,11.679714814376979,25.97460457769766,0.0,61.32468553060415,0.0,77.3635956695242,2,0.0,0.0
49020,"Winchester, VA-WV",4,14018506.0,0.0,10.603341040764258,35.945099998530516,53.45155896070523,0.0,0.0,0.0,72.42858119117686,3,0.0,0.0
49180,"Winston-Salem, NC",15,89313511.0,0.3976173324996707,0.0,11.162695194011576,60.345126282181425,28.094561191307328,0.0,0.0,28.094561191307328,3,0.0,0.0
49340,"Worcester, MA",14,150882042.0,1.3398566013575028,1.4263208341255085,4.925843328658026,17.36017729664608,0.0,32.73820154157245,42.20960039764043,60.14783190699394,4,0.0,0.0
49420,"Yakima, WA",3,9282678.0,10.023185119638967,0.0,30.4150591025564,59.561755777804635,0.0,0.0,0.0,89.97681488036103,1,0.0,0.0
49620,"York-Hanover, PA",3,45593113.0,0.0,0.0,10.815618139520327,12.798290390919348,0.0,76.38609146956033,0.0,89.18438186047968,1,0.0,0.0
49660,"Youngstown-Warren, OH",11,61100648.0,0.0,11.740715090288404,18.10778013352657,0.0,0.0,70.15150477618502,0.0,70.15150477618502,9,9.090909090909092,37.3798130586111
49700,"Yuba City, CA",1,12075176.0,0.0,0.0,0.0,0.0,100.0,0.0,0.0,100.0,0,0.0,0.0
99905,,3,8445472.0,9.769613823833648,0.0,90.23038617616635,0.0,0.0,0.0,0.0,90.23038617616635,2,0.0,0.0
99910,,13,51903686.0,3.6467891702334976,5.377658534694434,30.31003424304008,60.665518052031985,0.0,0.0,0.0,34.52769616400654,7,0.0,0.0
99911,,16,163221861.0,1.247493434718282,2.7883556602751884,6.496257262990035,0.0,38.5084287208317,50.9594649211848,0.0,36.40940903130617,6,0.0,0.0
99912,,2,6170775.0,0.0,0.0,100.0,0.0,0.0,0.0,0.0,100.0,2,0.0,0.0
99913,,9,27457589.0,7.062823323635589,13.834270008193364,8.193286744877708,23.88132840068369,47.02829152260965,0.0,0.0,70.90961992329333,4,0.0,0.0
99914,,25,313719816.0,1.2198572754486123,2.8514682668308082,7.881127917020072,4.5384818790025045,10.992399026524993,7.611217010276457,64.90544862489655,72.51666563517301,13,0.0,0.0
99915,,12,33675267.0,5.02705442543336,9.346034286825402,46.15058582905965,39.476325458681586,0.0,0.0,0.0,39.476325458681586,7,0.0,0.0
99916,,32,61286088.0,18.088188301397214,8.831958730992913,39.33778413136763,0.0,0.0,33.742068836242254,0.0,40.25457131478191,12,0.0,0.0
99917,,24,57452955.0,7.708952481208321,10.498450427832651,24.571627342753736,38.87174123593817,18.349228512267125,0.0,0.0,28.39055884940992,9,0.0,0.0
99918,,38,156035336.0,1.509700341209891,16.60284885726141,18.92438389724748,18.96691977514632,9.5409221921373,34.4552249369976,0.0,34.4552249369976,28,7.894736842105263,6.506569127393042
99919,,37,105727128.0,2.9706235848948817,14.42272223643491,37.06824893607249,45.53840524259772,0.0,0.0,0.0,14.994634111313419,24,0.0,0.0
99920,,6,18704475.0,9.56894005311563,17.503009306596415,0.0,0.0,72.92805064028795,0.0,0.0,82.87525846087634,2,0.0,0.0
99921,,4,21783519.0,1.4057875589338895,8.589397332910261,0.0,25.063255390462853,64.941559717693,0.0,0.0,90.00481510815585,1,0.0,0.0
99922,,1,7137506.0,0.0,0.0,0.0,100.0,0.0,0.0,0.0,100.0,0,0.0,0.0
99923,,19,600404512.0,0.17538259272775086,1.788452749002659,2.6452191285331312,4.086394840417189,0.0,0.0,91.30455068931927,62.6092809908797,10,5.2631578947368425,0.05997939602425906
99924,,9,33816489.0,3.803484743788747,7.059325407791447,18.84911529402121,36.91434968307916,33.37372487131943,0.0,0.0,53.31957732217558,4,0.0,0.0
99925,,20,265247587.0,0.16986280821472657,0.0,2.822733689939279,15.702035773844758,46.2237901527074,35.081577575293835,0.0,24.40921243894294,2,5.0,0.16986280821472657
99926,,25,56418015.0,7.556488827194648,18.76040126544686,41.18366979058019,9.806693837066051,22.69274627971225,0.0,0.0,32.4994401167783,16,0.0,0.0
99927,,1,1206753.0,0.0,100.0,0.0,0.0,0.0,0.0,0.0,100.0,1,0.0,0.0
99928,,7,10985559.0,7.096234247160295,45.395377695390835,47.508388057448876,0.0,0.0,0.0,0.0,47.508388057448876,6,0.0,0.0
99929,,1,1666597.0,0.0,100.0,0.0,0.0,0.0,0.0,0.0,100.0,1,0.0,0.0
99930,,8,94972342.0,0.0,0.0,12.13470338553934,17.981578257804784,29.001492876736684,40.88222547991919,0.0,57.94124146164575,3,0.0,0.0
99932,,22,58773789.0,5.4961591807531756,19.164827028592626,32.12658111934897,43.21243267130523,0.0,0.0,0.0,23.203278590733703,13,0.0,0.0
99933,,14,144974399.0,0.18387039493779864,3.647915795119109,13.85659615667729,9.217161852141908,0.0,0.0,73.09445580112389,73.0944558011239,9,0.0,0.0
99934,,47,245203014.0,1.989515512235914,4.9739433463896985,30.721848712675285,17.889608404242534,11.840378519980183,32.58470550447639,0.0,22.513603360519866,30,2.127659574468085,0.32306984611534995
99935,,4,6695680.0,7.942957250047793,18.7004307254827,73.35661202446951,0.0,0.0,0.0,0.0,73.35661202446951,3,0.0,0.0
99936,,44,166232192.0,4.438919989697302,8.389133796659555,27.223376805378347,22.635455592139458,24.50877866063392,12.804335155491422,0.0,21.81107976967542,23,2.272727272727273,0.37483594032135487
99937,,88,224555293.0,7.654826020956897,17.5949021161572,28.55962428817031,24.80250510060344,21.388142474112158,0.0,0.0,11.618188398703209,49,0.0,0.0
99938,,8,34039002.0,1.3731454288818457,7.532947058788621,41.77044321099661,0.0,49.323464301332926,0.0,0.0,63.06453696850454,6,0.0,0.0
99939,,23,133103258.0,0.6884812691812547,2.316813311962657,28.522379219297544,23.402860657250027,45.069465542308514,0.0,0.0,27.551781640085775,12,0.0,0.0
99940,,1,267615.0,100.0,0.0,0.0,0.0,0.0,0.0,0.0,100.0,0,0.0,0.0
99942,,7,72144808.0,0.7602861733307267,2.1872454078746735,0.0,0.0,97.0524684187946,0.0,0.0,47.076130551210284,1,0.0,0.0
99943,,7,31831666.0,0.7842473592177048,3.519454495407184,38.18610687860321,20.775576119704198,36.7346151470677,0.0,0.0,57.5101912667719,4,0.0,0.0
99944,,26,225124548.0,0.6736662054286501,3.425245300214884,8.542655241666493,16.870854972244075,20.695647993038946,49.79193028740695,0.0,28.043820880875238,12,3.8461538461538463,0.27017533423320855
99945,,113,352887022.0,3.766530127594208,13.147303274870788,36.22556144895575,22.23579165798849,12.007552944239473,12.617260546351291,0.0,12.617260546351291,73,2.6548672566371683,1.9448119574088503
99946,,6,4176462.0,38.9267039901237,61.0732960098763,0.0,0.0,0.0,0.0,0.0,61.0732960098763,2,0.0,0.0
99947,,8,125167184.0,0.0,0.0,0.0,16.922748697454118,35.835475854438016,47.24177544810787,0.0,47.241775448107866,0,0.0,0.0
99948,,2,724009.0,100.0,0.0,0.0,0.0,0.0,0.0,0.0,100.0,0,0.0,0.0
99949,,32,91238976.0,7.072606777173826,12.832901588023082,33.438238061768686,46.6562535730344,0.0,0.0,0.0,16.699437749060227,17,0.0,0.0
99950,,4,46049314.0,0.0,0.0,15.847191556425791,12.815741402792666,0.0,71.33706704078155,0.0,84.1528084435742,2,0.0,0.0
99951,,15,68695538.0,3.106711239382098,13.73666656486481,10.833250916529687,7.449256747941911,15.815868564854968,49.058245966426526,0.0,64.87411453128149,8,0.0,0.0
99952,,13,46882178.0,1.8327646808559108,16.834744750979784,33.2288956370585,13.71574076613932,34.387854164966484,0.0,0.0,48.1035949311058,10,0.0,0.0
99953,,11,24018778.0,11.254889819956702,0.0,88.7451101800433,0.0,0.0,0.0,0.0,37.746999451845554,6,0.0,0.0
99965,,3,7710900.0,0.0,23.345809179213838,76.65419082078616,0.0,0.0,0.0,0.0,76.65419082078616,3,0.0,0.0
