cbsa_cd,cbsa_name,state,n_agencies,total_revenue,revenue_1M_5M,revenue_5M_10M,revenue_10M_50M,revenue_50M_plus,pct_revenue_under_1M,pct_revenue_1m_5m,pct_revenue_5M_10M,pct_revenue_10M_20M,pct_revenue_20M_50M,pct_revenue_50M_plus,pct_revenue_top2,n_agencies_1m_to_5m,pct_agencies_ownership_change,pct_revenue_ownership_change
10180,"Abilene, TX",TX,7,56973136.0,12076696.0,0.0,44896440.0,0.0,0.0,0.21197176156846975,0.0,0.7880282384315302,0.0,0.0,0.565285066983148,4,0.0,0.0
10380,"Aguadilla, PR",PR,1,4052280.0,4052280.0,0.0,0.0,0.0,0.0,1.0,0.0,0.0,0.0,0.0,1.0,1,0.0,0.0
10420,"Akron, OH",OH,6,58474125.0,6230263.0,6001147.0,46242715.0,0.0,0.0,0.10654734893425083,0.10262910304344015,0.0,0.790823548022309,0.0,0.8934526510657491,4,0.0,0.0
10500,"Albany, GA",GA,2,3956504.0,3557223.0,0.0,0.0,0.0,0.10091762829002573,0.8990823717099743,0.0,0.0,0.0,0.0,1.0,1,0.5,0.8990823717099743
10580,"Albany-Schenectady-Troy, NY",NY,4,56415499.0,4433433.0,18850126.0,33131940.0,0.0,0.0,0.0785853724346212,0.33413027154115926,0.0,0.5872843560242195,0.0,0.7570371397406234,1,0.0,0.0
10740,"Albuquerque, NM",NM,15,74076879.0,21686404.0,13270298.0,37530916.0,0.0,0.021454211104115228,0.2927553683788433,0.17914223951038757,0.18824445884119928,0.3184037221654546,0.0,0.5066481810066539,8,0.0,0.0
10780,"Alexandria, LA",LA,8,20079130.0,19325432.0,0.0,0.0,0.0,0.037536387283711996,0.962463612716288,0.0,0.0,0.0,0.0,0.400002938374322,7,0.0,0.0
10900,"Allentown-Bethlehem-Easton, PA-NJ",PA,9,44396600.0,12064938.0,0.0,31578919.0,0.0,0.01695496952469333,0.27175364780185873,0.0,0.7112913826734479,0.0,0.0,0.7112913826734479,6,0.0,0.0
11020,"Altoona, PA",PA,5,63583584.0,8334878.0,0.0,0.0,54614131.0,0.009980170353404426,0.1310853757472998,0.0,0.0,0.0,0.8589344538992958,0.9180790595258046,3,0.0,0.0
11100,"Amarillo, TX",TX,9,49949366.0,18117522.0,15519129.0,15494949.0,0.0,0.01637189949518078,0.36271775701817716,0.31069721685756735,0.31021312662907474,0.0,0.0,0.4681505266753536,5,0.0,0.0
11200,"Amherst Town-Northampton, MA",MA,1,11839219.0,0.0,0.0,11839219.0,0.0,0.0,0.0,0.0,1.0,0.0,0.0,1.0,0,0.0,0.0
11244,"Anaheim-Santa Ana-Irvine, CA",CA,22,45360095.0,14416597.0,0.0,25033607.0,0.0,0.1302883294225905,0.31782554688212183,0.0,0.0,0.5518861236952877,0.0,0.6173980235270671,9,0.0,0.0
11460,"Ann Arbor, MI",MI,6,6661304.0,4054827.0,0.0,0.0,0.0,0.3912863007002833,0.6087136992997166,0.0,0.0,0.0,0.0,0.6087136992997166,2,0.16666666666666666,0.12975672631064428
11540,"Appleton, WI",WI,3,15890235.0,2201186.0,13689049.0,0.0,0.0,0.0,0.13852444598836958,0.8614755540116305,0.0,0.0,0.0,0.8614755540116305,1,0.0,0.0
11640,"Arecibo, PR",PR,5,12125729.0,11286048.0,0.0,0.0,0.0,0.06924787779769777,0.9307521222023022,0.0,0.0,0.0,0.0,0.5185480394622047,4,0.0,0.0
11694,"Arlington-Alexandria-Reston, VA-WV",VA,55,205935943.0,66119691.0,64093461.0,68258053.0,0.0,0.03624786373498676,0.32106921228413243,0.3112300847841797,0.3314528391967011,0.0,0.0,0.17430644440732718,26,0.03636363636363636,0.01037246810286051
11700,"Asheville, NC",NC,3,44824015.0,0.0,0.0,44034829.0,0.0,0.017606321075878634,0.0,0.0,0.0,0.9823936789241213,0.0,0.9823936789241213,0,0.0,0.0
12020,"Athens-Clarke County, GA",GA,2,4662699.0,4662699.0,0.0,0.0,0.0,0.0,1.0,0.0,0.0,0.0,0.0,1.0,2,0.0,0.0
12054,"Atlanta-Sandy Springs-Roswell, GA",GA,24,231175199.0,21734787.0,38104256.0,170907065.0,0.0,0.0018561290391708497,0.09401867974600511,0.16482847712396692,0.40454939113083666,0.33474732296002047,0.0,0.24379399366278906,7,0.0,0.0
12100,"Atlantic City-Hammonton, NJ",NJ,3,30344096.0,0.0,14554537.0,15789559.0,0.0,0.0,0.0,0.4796497150549484,0.5203502849450515,0.0,0.0,0.7898327239671269,0,0.0,0.0
12260,"Augusta-Richmond County, GA-SC",GA,8,32828459.0,16676346.0,15333779.0,0.0,0.0,0.02492757884249151,0.5079844289980228,0.46708799215948577,0.0,0.0,0.0,0.46708799215948577,5,0.0,0.0
12420,"Austin-Round Rock-San Marcos, TX",TX,38,155589057.0,35859394.0,63414895.0,50133193.0,0.0,0.039730139890236625,0.2304750391282338,0.40757940322242586,0.32221541775910373,0.0,0.0,0.17041003082883907,13,0.0,0.0
12540,"Bakersfield-Delano, CA",CA,7,25861571.0,10308377.0,0.0,14350928.0,0.0,0.046488513787503474,0.39859825220981354,0.0,0.554913234002683,0.0,0.0,0.7317978478569612,3,0.0,0.0
12580,"Baltimore-Columbia-Towson, MD",MD,18,199535406.0,14362657.0,21829967.0,162398929.0,0.0,0.004730253236360468,0.07198049352704852,0.10940397715681596,0.235000273585531,0.578885002494244,0.0,0.3646062894722554,5,0.05555555555555555,0.014130810448748128
12620,"Bangor, ME",ME,4,34970014.0,12309715.0,0.0,22660299.0,0.0,0.0,0.3520077229594475,0.0,0.0,0.6479922770405525,0.0,0.7752843050048536,3,0.0,0.0
12700,"Barnstable Town, MA",MA,5,63705277.0,4924074.0,5282179.0,53499024.0,0.0,0.0,0.07729460151315251,0.0829158783816292,0.3884633293408331,0.4513261907643852,0.0,0.6620946487682645,1,0.0,0.0
12940,"Baton Rouge, LA",LA,19,55916672.0,32883446.0,20988401.0,0.0,0.0,0.0365691470336432,0.5880794550863113,0.3753513978800455,0.0,0.0,0.0,0.25394343926619956,12,0.0,0.0
12980,"Battle Creek, MI",MI,1,9976287.0,0.0,9976287.0,0.0,0.0,0.0,0.0,1.0,0.0,0.0,0.0,1.0,0,0.0,0.0
13020,"Bay City, MI",MI,3,112718139.0,3419896.0,0.0,0.0,108935287.0,0.003220031870824269,0.030340245415158958,0.0,0.0,0.0,0.9664397227140168,0.9967799681291757,1,0.0,0.0
13140,"Beaumont-Port Arthur, TX",TX,18,47985402.0,27936644.0,17741922.0,0.0,0.0,0.04807370374848584,0.5821904753449809,0.3697358209065332,0.0,0.0,0.0,0.25377159495298174,11,0.05555555555555555,0.09238320020742975
13220,"Beckley, WV",WV,3,18915370.0,1492122.0,5235544.0,12187704.0,0.0,0.0,0.07888410324513874,0.2767878185835117,0.6443280781713495,0.0,0.0,0.9211158967548613,1,0.0,0.0
13380,"Bellingham, WA",WA,3,20351410.0,8119500.0,0.0,12231910.0,0.0,0.0,0.39896498571843425,0.0,0.6010350142815657,0.0,0.0,0.8278668161075817,2,0.3333333333333333,0.22683180182601598
13460,"Bend, OR",OR,4,11897042.0,5063890.0,6443169.0,0.0,0.0,0.03277982880114234,0.42564277742316114,0.5415773937756965,0.0,0.0,0.0,0.8359088755003135,2,0.0,0.0
13740,"Billings, MT",MT,4,9278935.0,8882309.0,0.0,0.0,0.0,0.042744776205458926,0.9572552237945411,0.0,0.0,0.0,0.0,0.7454447089024764,3,0.0,0.0
13780,"Binghamton, NY",NY,1,8376578.0,0.0,8376578.0,0.0,0.0,0.0,0.0,1.0,0.0,0.0,0.0,1.0,0,0.0,0.0
13900,"Bismarck, ND",ND,1,4156559.0,4156559.0,0.0,0.0,0.0,0.0,1.0,0.0,0.0,0.0,0.0,1.0,1,0.0,0.0
13980,"Blacksburg-Christiansburg-Radford, VA",VA,5,19219370.0,4471893.0,14747477.0,0.0,0.0,0.0,0.23267635723751612,0.7673236427624839,0.0,0.0,0.0,0.7673236427624839,3,0.0,0.0
14010,"Bloomington, IL",IL,1,127843678.0,0.0,0.0,0.0,127843678.0,0.0,0.0,0.0,0.0,0.0,1.0,1.0,0,0.0,0.0
14020,"Bloomington, IN",IN,1,14894083.0,0.0,0.0,14894083.0,0.0,0.0,0.0,0.0,1.0,0.0,0.0,1.0,0,0.0,0.0
14260,"Boise City, ID",ID,11,56312510.0,15587771.0,21506676.0,18568587.0,0.0,0.011533423035130205,0.276808314884206,0.3819164871180489,0.32974177496261486,0.0,0.0,0.48331745468280496,6,0.0,0.0
14454,"Boston, MA",MA,29,326583997.0,18529577.0,34594302.0,218086136.0,51956217.0,0.01046519434937285,0.05673755349378004,0.10592773166408395,0.3055222237359046,0.3622573919321589,0.15908990482469967,0.2843281723935787,7,0.0,0.0
14540,"Bowling Green, KY",KY,1,5253730.0,0.0,5253730.0,0.0,0.0,0.0,0.0,1.0,0.0,0.0,0.0,1.0,0,0.0,0.0
14580,"Bozeman, MT",MT,2,3093815.0,3093815.0,0.0,0.0,0.0,0.0,1.0,0.0,0.0,0.0,0.0,1.0,2,0.0,0.0
14740,"Bremerton-Silverdale-Port Orchard, WA",WA,2,10113902.0,2239266.0,7874636.0,0.0,0.0,0.0,0.22140475555329683,0.7785952444467031,0.0,0.0,0.0,1.0,1,0.0,0.0
15180,"Brownsville-Harlingen, TX",TX,20,33421216.0,17268583.0,0.0,10379531.0,0.0,0.17273764066513916,0.5166952333511743,0.0,0.3105671259836865,0.0,0.0,0.4376853313775298,9,0.05,0.013179502505234999
15260,"Brunswick-St. Simons, GA",GA,2,1899938.0,1387656.0,0.0,0.0,0.0,0.2696309037452801,0.7303690962547199,0.0,0.0,0.0,0.0,1.0,1,0.0,0.0
15380,"Buffalo-Cheektowaga, NY",NY,5,169292247.0,1041310.0,0.0,74003616.0,94247321.0,0.0,0.0061509609474319285,0.0,0.16598509085888616,0.2711502021708059,0.556713746022876,0.8278639481936819,1,0.0,0.0
15500,"Burlington, NC",NC,1,3317910.0,3317910.0,0.0,0.0,0.0,0.0,1.0,0.0,0.0,0.0,0.0,1.0,1,0.0,0.0
15540,"Burlington-South Burlington, VT",VT,2,26441173.0,3476441.0,0.0,22964732.0,0.0,0.0,0.13147831981584177,0.0,0.0,0.8685216801841582,0.0,1.0,1,0.0,0.0
15764,"Cambridge-Newton-Framingham, MA",MA,25,412950006.0,16584689.0,53484718.0,164071330.0,178255577.0,0.0013408209031482614,0.040161493544087754,0.12951862749216184,0.1669373289705195,0.2303779092329157,0.4316638198571669,0.4316638198571669,5,0.0,0.0
15804,"Camden, NJ",NJ,5,71512268.0,3124377.0,14795869.0,53592022.0,0.0,0.0,0.04369008405662648,0.20689973082660446,0.1554821055318788,0.5939280795848902,0.0,0.749410185116769,1,0.0,0.0
15940,"Canton-Massillon, OH",OH,7,53121971.0,5139652.0,19350989.0,28631330.0,0.0,0.0,0.09675190704049742,0.3642746802448275,0.0,0.538973412714675,0.0,0.6795595554991738,3,0.0,0.0
15980,"Cape Coral-Fort Myers, FL",FL,21,138188436.0,23400847.0,10391193.0,101628157.0,0.0,0.02003234916125688,0.1693401248133382,0.07519582174010567,0.3134988227234875,0.42193288156181175,0.0,0.42193288156181175,9,0.047619047619047616,0.0136963920772647
16020,"Cape Girardeau, MO-IL",MO,1,1227098.0,1227098.0,0.0,0.0,0.0,0.0,1.0,0.0,0.0,0.0,0.0,1.0,1,0.0,0.0
16180,"Carson City, NV",NV,2,6965462.0,1865323.0,5100139.0,0.0,0.0,0.0,0.26779601984764256,0.7322039801523574,0.0,0.0,0.0,1.0,1,0.0,0.0
16220,"Casper, WY",WY,4,5875095.0,5044785.0,0.0,0.0,0.0,0.14132707641323247,0.8586729235867675,0.0,0.0,0.0,0.0,0.6238098277559767,3,0.0,0.0
16300,"Cedar Rapids, IA",IA,7,29883694.0,15186865.0,0.0,13878022.0,0.0,0.027399792006972096,0.5081990533031158,0.0,0.46440115468991217,0.0,0.0,0.6250269126701672,4,0.0,0.0
16540,"Chambersburg, PA",PA,2,13091317.0,3806972.0,9284345.0,0.0,0.0,0.0,0.29080129982338676,0.7091987001766132,0.0,0.0,0.0,1.0,1,0.0,0.0
16580,"Champaign-Urbana, IL",IL,2,130524799.0,2681121.0,0.0,0.0,127843678.0,0.0,0.02054108506997203,0.0,0.0,0.0,0.979458914930028,1.0,1,0.0,0.0
16620,"Charleston, WV",WV,5,40896796.0,2977502.0,11149186.0,26770108.0,0.0,0.0,0.07280526327783722,0.27261759087435605,0.6545771458478068,0.0,0.0,0.6545771458478068,1,0.0,0.0
16700,"Charleston-North Charleston, SC",SC,8,61205532.0,6202368.0,6610356.0,48392808.0,0.0,0.0,0.10133672230804236,0.1080025903540876,0.7906606873378701,0.0,0.0,0.4301615906222333,3,0.0,0.0
16740,"Charlotte-Concord-Gastonia, NC-SC",NC,27,159419038.0,39057358.0,75395059.0,43519267.0,0.0,0.009078928201787292,0.24499807858582112,0.4729363565724189,0.2729866366399727,0.0,0.0,0.19191986342308753,12,0.0,0.0
16820,"Charlottesville, VA",VA,3,10908339.0,5629889.0,5278450.0,0.0,0.0,0.0,0.5161087311276263,0.4838912688723737,0.0,0.0,0.0,0.8951471896867158,2,0.0,0.0
16860,"Chattanooga, TN-GA",TN,9,70504521.0,12746928.0,6314562.0,51443031.0,0.0,0.0,0.18079589534407306,0.08956251188487614,0.44380351155069897,0.2858380812203518,0.0,0.5563235441313047,5,0.0,0.0
16940,"Cheyenne, WY",WY,3,3306160.0,1602438.0,0.0,0.0,0.0,0.5153174679991289,0.4846825320008711,0.0,0.0,0.0,0.0,0.7833907009945072,1,0.0,0.0
16984,"Chicago-Naperville-Schaumburg, IL",IL,321,881733798.0,313428019.0,91788443.0,180928761.0,213076111.0,0.09357979039383495,0.3554678517608554,0.10409994854251918,0.08980483699230955,0.11539174434595055,0.2416558279645304,0.2416558279645304,146,0.009345794392523364,0.0059475705841095594
17020,"Chico, CA",CA,2,6276908.0,6276908.0,0.0,0.0,0.0,0.0,1.0,0.0,0.0,0.0,0.0,1.0,2,0.0,0.0
17140,"Cincinnati, OH-KY-IN",OH,35,186473501.0,60757485.0,29203079.0,94093179.0,0.0,0.012976417491083626,0.3258236943811121,0.1566071256419431,0.37405505675575856,0.13053770573010265,0.0,0.2187042114900819,21,0.0,0.0
17300,"Clarksville, TN-KY",TN,5,21782420.0,12020877.0,9761543.0,0.0,0.0,0.0,0.5518614093383564,0.44813859066164363,0.0,0.0,0.0,0.6691969028234696,4,0.0,0.0
17410,"Cleveland, OH",OH,32,175152522.0,34215289.0,57564662.0,78084628.0,0.0,0.03019050447929034,0.19534568277583808,0.3286544854889386,0.0,0.445809327255933,0.0,0.445809327255933,14,0.03125,0.004676278655011317
17420,"Cleveland, TN",TN,3,27937772.0,3996582.0,0.0,23941190.0,0.0,0.0,0.14305299649521086,0.0,0.0,0.8569470035047891,0.0,0.9312210365235997,2,0.0,0.0
17660,"Coeur d'Alene, ID",ID,6,13429279.0,12526846.0,0.0,0.0,0.0,0.06719891663580747,0.9328010833641925,0.0,0.0,0.0,0.0,0.4522101298215638,5,0.0,0.0
17780,"College Station-Bryan, TX",TX,8,25703993.0,11653393.0,13459235.0,0.0,0.0,0.023006736735416946,0.45336897656329117,0.5236242867012919,0.0,0.0,0.0,0.5236242867012919,5,0.0,0.0
17860,"Columbia, MO",MO,4,10400006.0,10400006.0,0.0,0.0,0.0,0.0,1.0,0.0,0.0,0.0,0.0,0.6548034683826144,4,0.0,0.0
17900,"Columbia, SC",SC,8,88302468.0,2959801.0,5695545.0,79647122.0,0.0,0.0,0.033518893265814496,0.06450040558322787,0.5165405116423246,0.385440189508633,0.0,0.5254957313310881,2,0.0,0.0
17980,"Columbus, GA-AL",GA,4,23260591.0,9371271.0,0.0,13889320.0,0.0,0.0,0.4028818958211337,0.0,0.5971181041788663,0.0,0.0,0.7911863890302702,3,0.0,0.0
18020,"Columbus, IN",IN,1,1775486.0,1775486.0,0.0,0.0,0.0,0.0,1.0,0.0,0.0,0.0,0.0,1.0,1,0.0,0.0
18140,"Columbus, OH",OH,27,180786889.0,46574495.0,15907300.0,38838195.0,76278381.0,0.017636887374061733,0.25762097714951,0.08798923466181223,0.08537239113617359,0.12945621294473406,0.4219242967337084,0.5513805096784424,17,0.037037037037037035,0.005531192032404518
18580,"Corpus Christi, TX",TX,21,46554684.0,34048958.0,9636095.0,0.0,0.0,0.0616400059766274,0.7313755582574677,0.2069844357659049,0.0,0.0,0.0,0.31165991804390725,14,0.0,0.0
18880,"Crestview-Fort Walton Beach-Destin, FL",FL,3,18102905.0,5472883.0,0.0,12630022.0,0.0,0.0,0.3023207048813436,0.0,0.6976792951186563,0.0,0.0,0.8893684742863093,2,0.0,0.0
19124,"Dallas-Plano-Irving, TX",TX,255,563615565.0,231544414.0,189559576.0,88313848.0,0.0,0.0961608059919353,0.4108197650645081,0.3363277875407859,0.1566916414027707,0.0,0.0,0.05860736120727965,102,0.00392156862745098,0.0014991033826399027
19340,"Davenport-Moline-Rock Island, IA-IL",IL,6,66618616.0,3187780.0,0.0,62738935.0,0.0,0.01038600081394666,0.04785118922314448,0.0,0.18785217633461493,0.7539106336282939,0.0,0.7539106336282939,2,0.0,0.0
19430,"Dayton-Kettering-Beavercreek, OH",OH,13,125221912.0,28141554.0,8853076.0,37256808.0,50083994.0,0.007079272196386844,0.22473346358103843,0.07069909617735273,0.0,0.2975262668086397,0.3999619012365823,0.697488168045222,9,0.0,0.0
19660,"Deltona-Daytona Beach-Ormond Beach, FL",FL,16,64736475.0,21623979.0,18291149.0,23244777.0,0.0,0.02435365842826629,0.33403083810170386,0.28254780631784476,0.35906769715218506,0.0,0.0,0.35906769715218506,7,0.0,0.0
19780,"Des Moines-West Des Moines, IA",IA,12,85063739.0,13484824.0,7302838.0,61592257.0,0.0,0.03155069400370468,0.1585261141648147,0.08585136376382421,0.13845431835532176,0.5856175097123346,0.0,0.7240718280676565,5,0.0,0.0
19804,"Detroit-Dearborn-Livonia, MI",MI,29,72117255.0,15845038.0,12187776.0,36404331.0,0.0,0.10649476328515277,0.2197121618120379,0.16899944403041964,0.0,0.5047936308723897,0.0,0.5995845515750704,9,0.0,0.0
20260,"Duluth, MN-WI",MN,6,12550251.0,12225365.0,0.0,0.0,0.0,0.025886812941032015,0.974113187058968,0.0,0.0,0.0,0.0,0.5272331206762318,5,0.0,0.0
20500,"Durham-Chapel Hill, NC",NC,8,83259334.0,16879694.0,0.0,13594569.0,51885304.0,0.010806800352258403,0.20273635626247022,0.0,0.16327981917318724,0.0,0.6231770242120841,0.7864568433852713,4,0.0,0.0
20580,"Eagle Pass, TX",TX,5,8876420.0,7891344.0,0.0,0.0,0.0,0.11097672259762381,0.8890232774023761,0.0,0.0,0.0,0.0,0.7475313245655343,3,0.0,0.0
20740,"Eau Claire, WI",WI,2,4205672.0,4205672.0,0.0,0.0,0.0,0.0,1.0,0.0,0.0,0.0,0.0,1.0,2,0.0,0.0
20940,"El Centro, CA",CA,1,4054338.0,4054338.0,0.0,0.0,0.0,0.0,1.0,0.0,0.0,0.0,0.0,1.0,1,0.0,0.0
20994,"Elgin, IL",IL,7,14909137.0,8239946.0,5016891.0,0.0,0.0,0.11082465738962624,0.5526775962954797,0.33649774631489404,0.0,0.0,0.0,0.5876588966886548,4,0.0,0.0
21060,"Elizabethtown, KY",KY,2,14617952.0,0.0,14617952.0,0.0,0.0,0.0,0.0,1.0,0.0,0.0,0.0,1.0,0,0.5,0.59649149210505
21300,"Elmira, NY",NY,1,2938703.0,2938703.0,0.0,0.0,0.0,0.0,1.0,0.0,0.0,0.0,0.0,1.0,1,0.0,0.0
21340,"El Paso, TX",TX,41,136988499.0,51707997.0,44571906.0,35313039.0,0.0,0.039386934227230275,0.37746232258519746,0.3253696939916102,0.25778104919596206,0.0,0.0,0.17673782234813742,22,0.0,0.0
21420,"Enid, OK",OK,4,15596492.0,5260866.0,0.0,10102932.0,0.0,0.014919637056845859,0.33731085169665076,0.0,0.6477695112465034,0.0,0.0,0.8578905435914692,2,0.0,0.0
21500,"Erie, PA",PA,5,25890963.0,1118359.0,23884977.0,0.0,0.0,0.034283274824501504,0.043194955707132256,0.9225217694683663,0.0,0.0,0.0,0.6651673018110604,1,0.0,0.0
21660,"Eugene-Springfield, OR",OR,4,50104243.0,0.0,0.0,49497532.0,0.0,0.012108974483458417,0.0,0.0,0.5186984663155174,0.46919255920102415,0.0,0.7452295008229144,0,0.0,0.0
21780,"Evansville, IN",IN,6,18473477.0,4522612.0,13121277.0,0.0,0.0,0.04490697663466385,0.2448165009759668,0.7102765223893693,0.0,0.0,0.0,0.7102765223893693,2,0.16666666666666666,0.02002638701961737
21794,"Everett, WA",WA,7,100309107.0,5018758.0,15408481.0,79881868.0,0.0,0.0,0.05003292472736299,0.15360999076584342,0.3268339334333821,0.4695231510734115,0.0,0.6578155560691015,2,0.2857142857142857,0.5319633041893195
22020,"Fargo, ND-MN",ND,1,7572847.0,0.0,7572847.0,0.0,0.0,0.0,0.0,1.0,0.0,0.0,0.0,1.0,0,0.0,0.0
22140,"Farmington, NM",NM,3,9462132.0,9462132.0,0.0,0.0,0.0,0.0,1.0,0.0,0.0,0.0,0.0,0.728283752541182,3,0.0,0.0
22180,"Fayetteville, NC",NC,5,15132824.0,8366308.0,6201499.0,0.0,0.0,0.037337181744795285,0.5528583428975319,0.40980447535767284,0.0,0.0,0.0,0.6214501668690523,3,0.0,0.0
22420,"Flint, MI",MI,11,132814458.0,10659151.0,9581271.0,0.0,108935287.0,0.027397235623248185,0.08025595376069675,0.07214027105392397,0.0,0.0,0.8202065395621311,0.892346810616055,4,0.09090909090909091,0.0067695265525986635
22500,"Florence, SC",SC,5,31082023.0,6610810.0,0.0,23300133.0,0.0,0.03767708427472691,0.21268918049510485,0.0,0.0,0.7496337352301683,0.0,0.8622504075748223,2,0.0,0.0
22744,"Fort Lauderdale-Pompano Beach-Sunrise, FL",FL,73,183879787.0,105457145.0,69532808.0,0.0,0.0,0.04834590111853893,0.5735113506521519,0.3781427482293092,0.0,0.0,0.0,0.10333627915285762,45,0.0,0.0
22900,"Fort Smith, AR-OK",OK,4,7664031.0,6260008.0,0.0,0.0,0.0,0.1831964145238974,0.8168035854761025,0.0,0.0,0.0,0.0,0.8168035854761025,2,0.0,0.0
23060,"Fort Wayne, IN",IN,7,17888235.0,17888235.0,0.0,0.0,0.0,0.0,1.0,0.0,0.0,0.0,0.0,0.4085733444356025,7,0.0,0.0
23104,"Fort Worth-Arlington-Grapevine, TX",TX,60,202364734.0,50411061.0,82594216.0,57984133.0,0.0,0.05621198800379912,0.2491099116113779,0.4081453046062858,0.2865327957785372,0.0,0.0,0.1686711232995765,24,0.0,0.0
23224,"Frederick-Gaithersburg-Bethesda, MD",MD,11,92756992.0,11001974.0,0.0,80502330.0,0.0,0.013505051996511487,0.11861072424599539,0.0,0.5889227736061127,0.2789614501513805,0.0,0.4833005580862303,4,0.09090909090909091,0.010904126774615545
23420,"Fresno, CA",CA,11,22959608.0,14986984.0,5502332.0,0.0,0.0,0.10759295193541632,0.6527543501613791,0.23965269790320462,0.0,0.0,0.0,0.45495942265216377,6,0.0,0.0
23540,"Gainesville, FL",FL,9,28740497.0,14110028.0,13960467.0,0.0,0.0,0.02331212296015619,0.490945859426161,0.4857420176136829,0.0,0.0,0.0,0.4857420176136829,5,0.0,0.0
23580,"Gainesville, GA",GA,4,40169345.0,4536198.0,7324027.0,28309120.0,0.0,0.0,0.11292686002223835,0.18232876338909684,0.7047443765886648,0.0,0.0,0.7047443765886648,1,0.0,0.0
23900,"Gettysburg, PA",PA,1,3462376.0,3462376.0,0.0,0.0,0.0,0.0,1.0,0.0,0.0,0.0,0.0,1.0,1,0.0,0.0
24020,"Glens Falls, NY",NY,2,3047975.0,2131094.0,0.0,0.0,0.0,0.30081644370442673,0.6991835562955733,0.0,0.0,0.0,0.0,1.0,1,0.0,0.0
24140,"Goldsboro, NC",NC,2,49554363.0,0.0,7335693.0,42218670.0,0.0,0.0,0.0,0.14803324179548025,0.0,0.8519667582045197,0.0,1.0,0,0.0,0.0
24260,"Grand Island, NE",NE,3,7456061.0,7456061.0,0.0,0.0,0.0,0.0,1.0,0.0,0.0,0.0,0.0,0.795307334529586,3,0.0,0.0
24340,"Grand Rapids-Wyoming-Kentwood, MI",MI,13,64896566.0,21786286.0,11843742.0,31266538.0,0.0,0.0,0.33570784007277055,0.18250182914146798,0.48179033078576144,0.0,0.0,0.48179033078576144,9,0.07692307692307693,0.01665271472145383
24420,"Grants Pass, OR",OR,2,17660818.0,0.0,6992338.0,10668480.0,0.0,0.0,0.0,0.39592379016645773,0.6040762098335423,0.0,0.0,1.0,0,0.0,0.0
24500,"Great Falls, MT",MT,2,18210241.0,0.0,0.0,17298242.0,0.0,0.050081654603033536,0.0,0.0,0.9499183453969665,0.0,0.0,1.0,0,0.0,0.0
24580,"Green Bay, WI",WI,4,22921239.0,2264069.0,0.0,19767428.0,0.0,0.038817360614755596,0.09877603038823513,0.0,0.8624066089970093,0.0,0.0,0.9611826393852444,1,0.0,0.0
24660,"Greensboro-High Point, NC",NC,7,82380766.0,0.0,25144375.0,56327823.0,0.0,0.011028885067662517,0.0,0.3052214275356459,0.14532827966178416,0.5384214077349074,0.0,0.6837496873966916,0,0.0,0.0
24780,"Greenville, NC",NC,2,14347645.0,2020327.0,0.0,12327318.0,0.0,0.0,0.14081244692073158,0.0,0.8591875530792684,0.0,0.0,1.0,1,0.0,0.0
24860,"Greenville-Anderson-Greer, SC",SC,8,119501867.0,9242723.0,8272359.0,49089838.0,52896947.0,0.0,0.07734375396829574,0.06922367999489079,0.22512460830423678,0.1856625972211798,0.44264536051139686,0.6283079577325766,3,0.0,0.0
25060,"Gulfport-Biloxi, MS",MS,5,35306236.0,5224322.0,13086886.0,16995028.0,0.0,0.0,0.14797165010736346,0.3706678332972113,0.4813605165954252,0.0,0.0,0.7065388958483142,2,0.0,0.0
25180,"Hagerstown-Martinsburg, MD-WV",WV,5,7495217.0,6139721.0,0.0,0.0,0.0,0.18084813288261034,0.8191518671173897,0.0,0.0,0.0,0.0,0.6724777948390287,3,0.0,0.0
25220,"Hammond, LA",LA,12,34183798.0,34183798.0,0.0,0.0,0.0,0.0,1.0,0.0,0.0,0.0,0.0,0.2775134582763448,12,0.0,0.0
25420,"Harrisburg-Carlisle, PA",PA,7,38549281.0,7024114.0,0.0,30879759.0,0.0,0.016742413431783593,0.18221128430384992,0.0,0.8010463022643665,0.0,0.0,0.8010463022643665,4,0.0,0.0
25500,"Harrisonburg, VA",VA,2,14650917.0,4575109.0,0.0,10075808.0,0.0,0.0,0.3122745832223335,0.0,0.6877254167776665,0.0,0.0,1.0,1,0.0,0.0
25620,"Hattiesburg, MS",MS,3,14781692.0,1172270.0,13609422.0,0.0,0.0,0.0,0.07930553552326756,0.9206944644767324,0.0,0.0,0.0,0.9206944644767324,1,0.0,0.0
25740,"Helena, MT",MT,1,9973790.0,0.0,9973790.0,0.0,0.0,0.0,0.0,1.0,0.0,0.0,0.0,1.0,0,0.0,0.0
25860,"Hickory-Lenoir-Morganton, NC",NC,6,47355553.0,10235394.0,6266139.0,30720546.0,0.0,0.0028185501286406684,0.21613925615017102,0.13232110287044901,0.0,0.6487210908507393,0.0,0.7810421937211883,3,0.0,0.0
25940,"Hilton Head Island-Bluffton-Port Royal, SC",SC,5,19537306.0,5876351.0,13272698.0,0.0,0.0,0.019872596559628027,0.3007759104556176,0.6793514929847544,0.0,0.0,0.0,0.6793514929847544,2,0.0,0.0
26140,"Homosassa Springs, FL",FL,3,8513113.0,8051580.0,0.0,0.0,0.0,0.054214363183009553,0.9457856368169905,0.0,0.0,0.0,0.0,0.9457856368169905,2,0.0,0.0
26380,"Houma-Bayou Cane-Thibodaux, LA",LA,6,14415681.0,14415681.0,0.0,0.0,0.0,0.0,1.0,0.0,0.0,0.0,0.0,0.48340907377181835,6,0.0,0.0
26420,"Houston-Pasadena-The Woodlands, TX",TX,239,501472757.0,199245405.0,123997169.0,124387787.0,0.0,0.10736853647266027,0.3973204969138533,0.2472660124984616,0.24804495411502483,0.0,0.0,0.06417456093232997,92,0.012552301255230125,0.008434926805006878
26580,"Huntington-Ashland, WV-KY-OH",WV,8,32760184.0,16923046.0,15837138.0,0.0,0.0,0.0,0.5165735943363444,0.48342640566365563,0.0,0.0,0.0,0.48342640566365563,6,0.0,0.0
26820,"Idaho Falls, ID",ID,8,32244817.0,8431978.0,23168107.0,0.0,0.0,0.019994903366950416,0.261498708459099,0.7185063881739505,0.0,0.0,0.0,0.558652046311815,4,0.0,0.0
26900,"Indianapolis-Carmel-Greenwood, IN",IN,33,151098970.0,39375856.0,53823265.0,56014920.0,0.0,0.012474797147856136,0.2605964554225618,0.35621199138551374,0.37071675604406834,0.0,0.0,0.20976028493112825,17,0.0,0.0
26980,"Iowa City, IA",IA,2,2212184.0,1659471.0,0.0,0.0,0.0,0.24984947002600144,0.7501505299739986,0.0,0.0,0.0,0.0,1.0,1,0.0,0.0
27060,"Ithaca, NY",NY,1,4609668.0,4609668.0,0.0,0.0,0.0,0.0,1.0,0.0,0.0,0.0,0.0,1.0,1,0.0,0.0
27100,"Jackson, MI",MI,1,55041425.0,0.0,0.0,0.0,55041425.0,0.0,0.0,0.0,0.0,0.0,1.0,1.0,0,0.0,0.0
27140,"Jackson, MS",MS,5,92926654.0,1738576.0,9482912.0,81705166.0,0.0,0.0,0.01870912085137597,0.10204727698470667,0.19389660796352357,0.6853469942003938,0.0,0.6853469942003938,1,0.0,0.0
27180,"Jackson, TN",TN,5,39653365.0,1428735.0,0.0,37402712.0,0.0,0.02072757255279596,0.03603061177784029,0.0,0.9432418156693637,0.0,0.0,0.6828498665876149,1,0.2,0.03603061177784029
27260,"Jacksonville, FL",FL,38,162761919.0,54200552.0,38640749.0,68057823.0,0.0,0.011444906839664381,0.33300511773887354,0.23740657051358555,0.14520177167485965,0.27294163323301684,0.0,0.27294163323301684,23,0.02631578947368421,0.002614782392679949
27340,"Jacksonville, NC",NC,2,12157749.0,1307585.0,0.0,10850164.0,0.0,0.0,0.10755157060735503,0.0,0.892448429392645,0.0,0.0,1.0,1,0.0,0.0
27500,"Janesville-Beloit, WI",WI,1,19512113.0,0.0,0.0,19512113.0,0.0,0.0,0.0,0.0,1.0,0.0,0.0,1.0,0,0.0,0.0
27620,"Jefferson City, MO",MO,4,17925817.0,8637303.0,9288514.0,0.0,0.0,0.0,0.48183594644528616,0.5181640535547138,0.0,0.0,0.0,0.7316079930973299,3,0.0,0.0
27740,"Johnson City, TN",TN,5,27866179.0,3206211.0,12373956.0,12286012.0,0.0,0.0,0.11505743216534997,0.44404925411553553,0.4408933137191145,0.0,0.0,0.6795458035348154,2,0.0,0.0
27780,"Johnstown, PA",PA,2,19570010.0,2461600.0,0.0,17108410.0,0.0,0.0,0.12578429954813514,0.0,0.8742157004518649,0.0,0.0,1.0,1,0.0,0.0
27900,"Joplin, MO-KS",MO,1,2261786.0,2261786.0,0.0,0.0,0.0,0.0,1.0,0.0,0.0,0.0,0.0,1.0,1,0.0,0.0
27980,"Kahului-Wailuku, HI",HI,1,5440842.0,0.0,5440842.0,0.0,0.0,0.0,0.0,1.0,0.0,0.0,0.0,1.0,0,0.0,0.0
28020,"Kalamazoo-Portage, MI",MI,6,13566860.0,5865813.0,6456452.0,0.0,0.0,0.09173788186802252,0.43236334715623215,0.4758987709757453,0.0,0.0,0.0,0.7282330620349882,2,0.0,0.0
28100,"Kankakee, IL",IL,1,3403849.0,3403849.0,0.0,0.0,0.0,0.0,1.0,0.0,0.0,0.0,0.0,1.0,1,0.0,0.0
28140,"Kansas City, MO-KS",MO,24,219319424.0,34058292.0,58090465.0,55803098.0,71367569.0,0.0,0.15529081455183832,0.2648669412883375,0.10998500524969462,0.14445254972035673,0.32540468918977283,0.46985723891012954,12,0.0,0.0
28420,"Kennewick-Richland, WA",WA,2,17911709.0,4297525.0,0.0,13614184.0,0.0,0.0,0.2399282502858884,0.0,0.7600717497141116,0.0,0.0,1.0,1,0.0,0.0
28450,"Kenosha, WI",WI,1,288856.0,0.0,0.0,0.0,0.0,1.0,0.0,0.0,0.0,0.0,0.0,1.0,0,0.0,0.0
28660,"Killeen-Temple, TX",TX,8,51884505.0,1256071.0,24942217.0,25053164.0,0.0,0.012201195713440843,0.024208981082116904,0.48072573883088987,0.4828640843735524,0.0,0.0,0.4828640843735524,1,0.0,0.0
28700,"Kingsport-Bristol, TN-VA",VA,7,23801807.0,10752364.0,13049443.0,0.0,0.0,0.0,0.45174570149232784,0.5482542985076722,0.0,0.0,0.0,0.5482542985076722,5,0.14285714285714285,0.09887354350869243
28880,"Kiryas Joel-Poughkeepsie-Newburgh, NY",NY,4,20958399.0,2346664.0,6121045.0,11954343.0,0.0,0.02559102916210346,0.11196771280096347,0.29205689804836715,0.570384359988566,0.0,0.0,0.8624412580369331,1,0.0,0.0
28940,"Knoxville, TN",TN,8,91463496.0,6822753.0,7549224.0,76264907.0,0.0,0.009037616493469701,0.07459536643996202,0.08253810897409826,0.2889570610771318,0.5448718470153382,0.0,0.5448718470153382,2,0.125,0.009037616493469701
29020,"Kokomo, IN",IN,1,22982839.0,0.0,0.0,22982839.0,0.0,0.0,0.0,0.0,0.0,1.0,0.0,1.0,0,0.0,0.0
29100,"La Crosse-Onalaska, WI-MN",WI,1,2848088.0,2848088.0,0.0,0.0,0.0,0.0,1.0,0.0,0.0,0.0,0.0,1.0,1,0.0,0.0
29180,"Lafayette, LA",LA,17,58611965.0,26172611.0,10724938.0,21681918.0,0.0,0.0005544601686703389,0.4465404120131444,0.1829820583561735,0.3699230694620117,0.0,0.0,0.3699230694620117,12,0.0,0.0
29200,"Lafayette-West Lafayette, IN",IN,1,1197430.0,1197430.0,0.0,0.0,0.0,0.0,1.0,0.0,0.0,0.0,0.0,1.0,1,0.0,0.0
29340,"Lake Charles, LA",LA,7,19470369.0,19470369.0,0.0,0.0,0.0,0.0,1.0,0.0,0.0,0.0,0.0,0.3765369829405904,7,0.0,0.0
29404,"Lake County, IL",IL,11,36008191.0,8765345.0,12373705.0,12259980.0,0.0,0.07246020773440132,0.2434264192833236,0.3436358410784924,0.34047753190378266,0.0,0.0,0.5379176365733008,4,0.0,0.0
29414,"Lake County-Porter County-Jasper County, IN",IN,32,44631075.0,30807024.0,7445017.0,0.0,0.0,0.14292808317971278,0.6902595108901142,0.1668124059301731,0.0,0.0,0.0,0.23576064434925664,18,0.0,0.0
29460,"Lakeland-Winter Haven, FL",FL,10,66378055.0,8052963.0,36847671.0,20848563.0,0.0,0.009473884102208178,0.12131965903490242,0.5551182691327728,0.0,0.31408818773011654,0.0,0.44335788386688946,3,0.0,0.0
29484,"Lakewood-New Brunswick, NJ",NJ,7,227086113.0,0.0,5167843.0,84107482.0,137810788.0,0.0,0.0,0.022757195196696153,0.24960787452467426,0.12076916389863082,0.6068657663799988,0.7276349302786296,0,0.0,0.0
29540,"Lancaster, PA",PA,5,36024101.0,4423875.0,20271824.0,11328402.0,0.0,0.0,0.12280320333323516,0.5627294904597342,0.3144673062070307,0.0,0.0,0.5533320595564619,1,0.0,0.0
29620,"Lansing-East Lansing, MI",MI,4,117654039.0,2276206.0,6442546.0,0.0,108935287.0,0.0,0.019346603137015975,0.054758392102458975,0.0,0.0,0.925895004760525,0.980653396862984,2,0.25,0.009714736610104817
29700,"Laredo, TX",TX,30,36559019.0,14189599.0,9897164.0,0.0,0.0,0.3411540118185338,0.38812854907293876,0.2707174391085275,0.0,0.0,0.0,0.3520231765518654,9,0.0,0.0
29740,"Las Cruces, NM",NM,13,52138712.0,22435368.0,18169577.0,10335714.0,0.0,0.022978185575431936,0.43030153871081434,0.34848534424862665,0.1982349314651271,0.0,0.0,0.34555704022761435,7,0.0,0.0
29820,"Las Vegas-Henderson-North Las Vegas, NV",NV,128,241497350.0,170103742.0,45182353.0,0.0,0.0,0.10853640837052664,0.7043710500342965,0.18709254159517694,0.0,0.0,0.0,0.061190116578918985,77,0.0,0.0
29940,"Lawrence, KS",KS,1,2603991.0,2603991.0,0.0,0.0,0.0,0.0,1.0,0.0,0.0,0.0,0.0,1.0,1,0.0,0.0
30020,"Lawton, OK",OK,4,16979423.0,7817037.0,9162386.0,0.0,0.0,0.0,0.4603829588319933,0.5396170411680067,0.0,0.0,0.0,0.7477079757068306,3,0.0,0.0
30300,"Lewiston, ID-WA",WA,1,9760322.0,0.0,9760322.0,0.0,0.0,0.0,0.0,1.0,0.0,0.0,0.0,1.0,0,0.0,0.0
30340,"Lewiston-Auburn, ME",ME,1,51565927.0,0.0,0.0,0.0,51565927.0,0.0,0.0,0.0,0.0,0.0,1.0,1.0,0,0.0,0.0
30460,"Lexington-Fayette, KY",KY,9,43753188.0,19911291.0,12400853.0,11441044.0,0.0,0.0,0.45508206167742565,0.28342741562054863,0.2614905227020257,0.0,0.0,0.4061243034450427,6,0.0,0.0
30620,"Lima, OH",OH,1,2779441.0,2779441.0,0.0,0.0,0.0,0.0,1.0,0.0,0.0,0.0,0.0,1.0,1,0.0,0.0
30700,"Lincoln, NE",NE,5,16123227.0,8471610.0,6720133.0,0.0,0.0,0.05777280193350872,0.5254289355350514,0.41679826253143987,0.0,0.0,0.0,0.6392668787706084,3,0.0,0.0
30860,"Logan, UT-ID",UT,4,6881456.0,6758174.0,0.0,0.0,0.0,0.017915104012871694,0.9820848959871282,0.0,0.0,0.0,0.0,0.7573381272800407,3,0.0,0.0
30980,"Longview, TX",TX,14,75903752.0,23492315.0,21454782.0,30132571.0,0.0,0.010856960009038815,0.30950136694165004,0.28265772685387147,0.3969839461954397,0.0,0.0,0.3969839461954397,8,0.0,0.0
31020,"Longview-Kelso, WA",WA,1,3625364.0,3625364.0,0.0,0.0,0.0,0.0,1.0,0.0,0.0,0.0,0.0,1.0,1,0.0,0.0
31084,"Los Angeles-Long Beach-Glendale, CA",CA,654,857000070.0,443982266.0,67091669.0,62666430.0,89494145.0,0.22609748444944702,0.5180656122933572,0.07828665521579245,0.07312301619765328,0.0,0.10442723184375002,0.12520860587560978,251,0.0,0.0
31140,"Louisville/Jefferson County, KY-IN",KY,14,112047864.0,28824047.0,23525136.0,59698681.0,0.0,0.0,0.25724762588959305,0.2099561308906344,0.32123644052688055,0.21155980269289204,0.0,0.37328747293210335,8,0.0,0.0
31180,"Lubbock, TX",TX,14,51692206.0,17298368.0,22812009.0,10654088.0,0.0,0.01794740584296209,0.3346417059469275,0.4413046136974692,0.20610627451264124,0.0,0.0,0.39953754343546494,9,0.0,0.0
31340,"Lynchburg, VA",VA,5,12780057.0,11728576.0,0.0,0.0,0.0,0.08227514165234161,0.9177248583476584,0.0,0.0,0.0,0.0,0.6546506013236091,3,0.0,0.0
31420,"Macon-Bibb County, GA",GA,3,35748099.0,0.0,0.0,35187155.0,0.0,0.01569157565553346,0.0,0.0,0.40729111217913994,0.5770173121653266,0.0,0.9843084243444665,0,0.0,0.0
31540,"Madison, WI",WI,6,45420654.0,1132341.0,18913713.0,24892859.0,0.0,0.010606210117538158,0.02493009017439511,0.4164121679093392,0.0,0.5480515317987276,0.0,0.7200759812925636,1,0.0,0.0
31700,"Manchester-Nashua, NH",NH,6,56019504.0,3297113.0,0.0,51900776.0,0.0,0.014666588265401279,0.058856518972392184,0.0,0.5516695578025824,0.37480733495962404,0.0,0.6750764162424573,2,0.0,0.0
31740,"Manhattan, KS",KS,1,1296077.0,1296077.0,0.0,0.0,0.0,0.0,1.0,0.0,0.0,0.0,0.0,1.0,1,0.0,0.0
31860,"Mankato, MN",MN,2,4513057.0,4513057.0,0.0,0.0,0.0,0.0,1.0,0.0,0.0,0.0,0.0,1.0,2,0.0,0.0
31900,"Mansfield, OH",OH,3,9995671.0,3143974.0,6851697.0,0.0,0.0,0.0,0.31453356157880746,0.6854664384211925,0.0,0.0,0.0,0.848197384647814,2,0.0,0.0
31924,"Marietta, GA",GA,7,97835080.0,12741746.0,8388739.0,76704595.0,0.0,0.0,0.13023698656964353,0.08574367190173504,0.0,0.7840193415286214,0.0,0.7840193415286214,4,0.0,0.0
32420,"Mayagüez, PR",PR,3,10621604.0,5117732.0,5503872.0,0.0,0.0,0.0,0.48182289605223466,0.5181771039477653,0.0,0.0,0.0,0.7806888677077398,2,0.0,0.0
32580,"McAllen-Edinburg-Mission, TX",TX,47,120192391.0,30819547.0,29217564.0,47896538.0,0.0,0.1019926627468456,0.25641845331124163,0.24308996398948415,0.21939090969577268,0.17910801025665593,0.0,0.30350338899573104,17,0.0,0.0
32780,"Medford, OR",OR,3,35543570.0,4459148.0,0.0,31084422.0,0.0,0.0,0.1254558278754779,0.0,0.30628414647149965,0.5682600256530225,0.0,0.8745441721245221,1,0.0,0.0
32820,"Memphis, TN-MS-AR",TN,15,62844735.0,31776427.0,31068308.0,0.0,0.0,0.0,0.5056338768872206,0.49436612311277944,0.0,0.0,0.0,0.2837872098593462,11,0.06666666666666667,0.017442702240688897
32900,"Merced, CA",CA,1,1226257.0,1226257.0,0.0,0.0,0.0,0.0,1.0,0.0,0.0,0.0,0.0,1.0,1,0.0,0.0
33124,"Miami-Miami Beach-Kendall, FL",FL,166,548002967.0,217256503.0,108738809.0,201837524.0,0.0,0.036806609114581675,0.39645132614765566,0.1984274092443007,0.20614912108678418,0.16216553440667777,0.0,0.11949964132219744,93,0.006024096385542169,0.0012713234087289166
33140,"Michigan City-La Porte, IN",IN,1,2961627.0,2961627.0,0.0,0.0,0.0,0.0,1.0,0.0,0.0,0.0,0.0,1.0,1,0.0,0.0
33220,"Midland, MI",MI,2,9798138.0,1477838.0,8320300.0,0.0,0.0,0.0,0.150828453324499,0.849171546675501,0.0,0.0,0.0,1.0,1,1.0,1.0
33260,"Midland, TX",TX,5,20653728.0,10057679.0,0.0,10596049.0,0.0,0.0,0.4869667597055602,0.0,0.5130332402944399,0.0,0.0,0.738011607396011,4,0.0,0.0
33340,"Milwaukee-Waukesha, WI",WI,14,212186117.0,9939252.0,6431141.0,107995038.0,85269252.0,0.012024509595978892,0.04684214094930631,0.03030896220227264,0.30117028344507574,0.2077934486166218,0.40186065519074465,0.6096541038073664,3,0.07142857142857142,0.05283936648880756
33460,"Minneapolis-St. Paul-Bloomington, MN-WI",MN,28,341202309.0,25604952.0,50240832.0,163506932.0,99197544.0,0.007772658420081208,0.07504331396538116,0.14724645957773985,0.08908754483252926,0.3901206190254709,0.2907294041787976,0.4333015548262307,9,0.0,0.0
33500,"Minot, ND",ND,1,3877658.0,3877658.0,0.0,0.0,0.0,0.0,1.0,0.0,0.0,0.0,0.0,1.0,1,0.0,0.0
33540,"Missoula, MT",MT,2,25405417.0,2016404.0,0.0,23389013.0,0.0,0.0,0.07936905739433445,0.0,0.0,0.9206309426056656,0.0,1.0,1,0.0,0.0
33700,"Modesto, CA",CA,5,11783503.0,5183116.0,6110291.0,0.0,0.0,0.04159170664275301,0.43986206818125306,0.5185462251759939,0.0,0.0,0.0,0.7561386456981426,3,0.0,0.0
33740,"Monroe, LA",LA,14,45935607.0,38817576.0,7118031.0,0.0,0.0,0.0,0.8450432798242984,0.1549567201757016,0.0,0.0,0.0,0.259427441548775,13,0.0,0.0
33780,"Monroe, MI",MI,2,8248464.0,2792522.0,5455942.0,0.0,0.0,0.0,0.33855054710792215,0.6614494528920778,0.0,0.0,0.0,1.0,1,0.0,0.0
33874,"Montgomery County-Bucks County-Chester County, PA",PA,25,318001857.0,17479277.0,27360128.0,197891647.0,71924246.0,0.010523708985762307,0.054965958893755766,0.08603763593745303,0.21866231428956717,0.40363482845950804,0.22617555343395368,0.3760984672488878,5,0.0,0.0
34060,"Morgantown, WV",WV,6,42283445.0,9222073.0,5023405.0,27085757.0,0.0,0.02251968826097306,0.21810126871166718,0.11880311549827598,0.0,0.6405759275290838,0.0,0.7593790430273598,3,0.0,0.0
34100,"Morristown, TN",TN,4,27094208.0,5962086.0,5151475.0,15980647.0,0.0,0.0,0.22005020408789952,0.19013196473578411,0.5898178311763164,0.0,0.0,0.7799497959121005,2,0.0,0.0
34620,"Muncie, IN",IN,3,9982292.0,9982292.0,0.0,0.0,0.0,0.0,1.0,0.0,0.0,0.0,0.0,0.7939635506555007,3,0.0,0.0
34740,"Muskegon-Norton Shores, MI",MI,2,8800194.0,0.0,8394344.0,0.0,0.0,0.046118301482899124,0.0,0.9538816985171009,0.0,0.0,0.0,1.0,0,0.0,0.0
34820,"Myrtle Beach-Conway-North Myrtle Beach, SC",SC,7,54213752.0,4369721.0,30511649.0,18506172.0,0.0,0.015239860174222953,0.08060170784711598,0.5628027552861495,0.34135567669251154,0.0,0.0,0.5224678786297617,1,0.0,0.0
34900,"Napa, CA",CA,1,254017.0,0.0,0.0,0.0,0.0,1.0,0.0,0.0,0.0,0.0,0.0,1.0,0,0.0,0.0
34940,"Naples-Marco Island, FL",FL,6,20095544.0,8188716.0,0.0,10492178.0,0.0,0.07039620325779686,0.40748914286669724,0.0,0.5221146538755059,0.0,0.0,0.7079791420426339,3,0.16666666666666666,0.185864488167128
34980,"Nashville-Davidson--Murfreesboro--Franklin, TN",TN,26,206586482.0,28744662.0,74124319.0,103635587.0,0.0,0.000396511907298949,0.13914105957813833,0.3588052726508988,0.3509540861439327,0.15070306971973121,0.0,0.2226851997024665,9,0.0,0.0
35004,"Nassau County-Suffolk County, NY",NY,8,194610721.0,0.0,21574516.0,73120640.0,99915565.0,0.0,0.0,0.11085985339934072,0.16150278277834446,0.21422492443260616,0.5134124393897086,0.6238987676326424,0,0.0,0.0
35084,"Newark, NJ",NJ,6,172227970.0,1568184.0,0.0,32500948.0,137810788.0,0.0020208680390298973,0.009105280634730817,0.0,0.18870888392866733,0.0,0.8001649673975719,0.8669084469845403,1,0.0,0.0
35380,"New Orleans-Metairie, LA",LA,15,45652066.0,24092088.0,20722746.0,0.0,0.0,0.01833941096992193,0.527732698888151,0.45392789014192697,0.0,0.0,0.0,0.3439572920971419,11,0.0,0.0
35614,"New York-Jersey City-White Plains, NY-NJ",NY,32,1201410519.0,6770881.0,28520403.0,340752031.0,822632116.0,0.0022765640526242136,0.005635776358638658,0.023739098791759457,0.04373410018395219,0.2398925416766723,0.6847219189363531,0.3463112378492501,3,0.0,0.0
35660,"Niles, MI",MI,4,5130096.0,4503710.0,0.0,0.0,0.0,0.12210024919611641,0.8778997508038836,0.0,0.0,0.0,0.0,0.6539651499699031,3,0.0,0.0
35840,"North Port-Bradenton-Sarasota, FL",FL,25,107133566.0,34109281.0,31811499.0,38804107.0,0.0,0.022482953661787007,0.3183808984758334,0.2969330732442902,0.36220307461808937,0.0,0.0,0.2656687914224754,12,0.0,0.0
36084,"Oakland-Fremont-Berkeley, CA",CA,22,94591911.0,27219570.0,24780285.0,40278194.0,0.0,0.02446152081651041,0.28775790352728997,0.2619704448089647,0.13614098567054006,0.28966914517669484,0.0,0.4258101308472349,11,0.045454545454545456,0.021890920461475824
36100,"Ocala, FL",FL,12,37345566.0,10428511.0,13211765.0,10753471.0,0.0,0.07904068183087652,0.2792436189077975,0.35377064575751777,0.28794505350380817,0.0,0.0,0.49934533058087804,4,0.0,0.0
36220,"Odessa, TX",TX,5,10781401.0,3740366.0,5513639.0,0.0,0.0,0.14166952884880174,0.3469276395525962,0.5114028315986021,0.0,0.0,0.0,0.7286046590790937,2,0.0,0.0
36260,"Ogden, UT",UT,12,75425047.0,3341459.0,41123607.0,29584954.0,0.0,0.01823037644245684,0.044301715847787276,0.5452248110630942,0.3922430966466617,0.0,0.0,0.3922430966466617,1,0.16666666666666666,0.2562185609244632
36420,"Oklahoma City, OK",OK,58,157305837.0,69731142.0,66035554.0,10215124.0,0.0,0.0719872651642291,0.4432838814493578,0.41979086891734346,0.06493798446906963,0.0,0.0,0.11885484579952364,29,0.0,0.0
36500,"Olympia-Lacey-Tumwater, WA",WA,1,33419179.0,0.0,0.0,33419179.0,0.0,0.0,0.0,0.0,0.0,1.0,0.0,1.0,0,1.0,1.0
36540,"Omaha, NE-IA",NE,18,75850308.0,24050479.0,33683794.0,16647066.0,0.0,0.019366684707463548,0.3170781982849694,0.4440824946946821,0.219472622312885,0.0,0.0,0.3321842410976103,9,0.0,0.0
36740,"Orlando-Kissimmee-Sanford, FL",FL,55,204749336.0,58300334.0,66601498.0,73197108.0,0.0,0.032480671878711245,0.2847400394011534,0.32528309640037123,0.3574961923197641,0.0,0.0,0.15950630970544394,24,0.0,0.0
36780,"Oshkosh-Neenah, WI",WI,2,12476236.0,0.0,0.0,11943786.0,0.0,0.04267713435366244,0.0,0.0,0.9573228656463376,0.0,0.0,1.0,0,0.0,0.0
36980,"Owensboro, KY",KY,3,18002234.0,2391406.0,5297485.0,10313343.0,0.0,0.0,0.132839402043102,0.2942682002689222,0.5728923976879758,0.0,0.0,0.867160597956898,1,0.0,0.0
37100,"Oxnard-Thousand Oaks-Ventura, CA",CA,16,23112595.0,10234763.0,7183123.0,0.0,0.0,0.24638985799733867,0.44282188996951666,0.3107882520331447,0.0,0.0,0.0,0.44853271560376495,5,0.0,0.0
37340,"Palm Bay-Melbourne-Titusville, FL",FL,17,44174169.0,37166804.0,5514295.0,0.0,0.0,0.0337996171472971,0.8413696248592701,0.12483075799343277,0.0,0.0,0.0,0.22241079396422828,13,0.0,0.0
37460,"Panama City-Panama City Beach, FL",FL,7,26359771.0,12682167.0,12738359.0,0.0,0.0,0.035631758712926606,0.4811182540242857,0.4832499872627877,0.0,0.0,0.0,0.4832499872627877,4,0.0,0.0
37620,"Parkersburg-Vienna, WV",WV,3,12595079.0,4359966.0,8235113.0,0.0,0.0,0.0,0.34616424398767165,0.6538357560123284,0.0,0.0,0.0,0.8473250544915201,2,0.0,0.0
37860,"Pensacola-Ferry Pass-Brent, FL",FL,10,63446296.0,11104238.0,30216833.0,22125225.0,0.0,0.0,0.17501790805880932,0.47625842492050285,0.34872366702068786,0.0,0.0,0.34872366702068786,4,0.0,0.0
37900,"Peoria, IL",IL,2,130487512.0,2643834.0,0.0,0.0,127843678.0,0.0,0.020261203232995968,0.0,0.0,0.0,0.979738796767004,1.0,1,0.0,0.0
37964,"Philadelphia, PA",PA,12,205696482.0,3403121.0,34541663.0,82814764.0,84936934.0,0.0,0.016544381152809408,0.16792539504880788,0.18664343029454436,0.21596318307475965,0.4129236104290787,0.6288867935038384,2,0.0,0.0
38240,"Pinehurst-Southern Pines, NC",NC,2,6351927.0,6351927.0,0.0,0.0,0.0,0.0,1.0,0.0,0.0,0.0,0.0,1.0,2,0.0,0.0
38300,"Pittsburgh, PA",PA,34,365037151.0,38291734.0,34449935.0,184504793.0,104391627.0,0.009311550867325283,0.10489818336325993,0.09437377786240722,0.08468945397834315,0.42075168398407753,0.2859753499445869,0.2859753499445869,15,0.0,0.0
38340,"Pittsfield, MA",MA,1,4755017.0,4755017.0,0.0,0.0,0.0,0.0,1.0,0.0,0.0,0.0,0.0,1.0,1,0.0,0.0
38540,"Pocatello, ID",ID,2,22877207.0,0.0,0.0,22877207.0,0.0,0.0,0.0,0.0,1.0,0.0,0.0,1.0,0,0.0,0.0
38660,"Ponce, PR",PR,2,8758178.0,0.0,7967998.0,0.0,0.0,0.09022196169111886,0.0,0.9097780383088812,0.0,0.0,0.0,1.0,0,0.0,0.0
38860,"Portland-South Portland, ME",ME,7,90057966.0,1896798.0,22776687.0,64688664.0,0.0,0.007726323732428067,0.021061968021796097,0.2529114081923636,0.0,0.7183003000534123,0.0,0.7183003000534123,1,0.0,0.0
38900,"Portland-Vancouver-Hillsboro, OR-WA",OR,19,171727612.0,10997624.0,39391847.0,55459167.0,65219656.0,0.0038393243364963346,0.06404109317027014,0.22938563310366186,0.3229484551383618,0.0,0.3797854942512099,0.4703285107114865,5,0.0,0.0
38940,"Port St. Lucie, FL",FL,14,68960011.0,19662691.0,5420191.0,42785649.0,0.0,0.01582772369337354,0.2851317845642455,0.0785990448870433,0.6204414468553376,0.0,0.0,0.4528711429584894,7,0.0,0.0
39300,"Providence-Warwick, RI-MA",RI,25,218463094.0,34433300.0,38301118.0,145728676.0,0.0,0.0,0.15761609601665716,0.17532077065611823,0.47342003221834805,0.19364310110887653,0.0,0.27750416736293226,11,0.0,0.0
39340,"Provo-Orem-Lehi, UT",UT,14,38081399.0,16533093.0,6980252.0,12415068.0,0.0,0.056536420838950795,0.4341514081454833,0.18329820288377535,0.3260139681317905,0.0,0.0,0.5093121710155659,7,0.07142857142857142,0.01286100334706716
39460,"Punta Gorda, FL",FL,8,45740641.0,12915206.0,7516718.0,25308717.0,0.0,0.0,0.2823573460634275,0.1643334644129714,0.5533091895236011,0.0,0.0,0.5533091895236011,5,0.0,0.0
39540,"Racine-Mount Pleasant, WI",WI,1,1664224.0,1664224.0,0.0,0.0,0.0,0.0,1.0,0.0,0.0,0.0,0.0,1.0,1,0.0,0.0
39580,"Raleigh-Cary, NC",NC,8,61376930.0,8925368.0,16969287.0,34765175.0,0.0,0.011683542985939505,0.1454189383535475,0.27647663381013027,0.5664208848503827,0.0,0.0,0.5664208848503827,3,0.0,0.0
39660,"Rapid City, SD",SD,3,3022632.0,1214532.0,0.0,0.0,0.0,0.598187275195922,0.40181272480407804,0.0,0.0,0.0,0.0,0.7090727551352596,1,0.0,0.0
39740,"Reading, PA",PA,4,25204760.0,6458621.0,6344455.0,12401684.0,0.0,0.0,0.25624608208925614,0.25171654084387235,0.4920373770668715,0.0,0.0,0.7437539179107439,2,0.0,0.0
39820,"Redding, CA",CA,3,13253695.0,1807571.0,11446124.0,0.0,0.0,0.0,0.13638242014773994,0.8636175798522601,0.0,0.0,0.0,0.8636175798522601,1,0.0,0.0
39900,"Reno, NV",NV,6,37564565.0,4401324.0,0.0,32538791.0,0.0,0.016623378974307303,0.11716690982578928,0.0,0.8662097111999034,0.0,0.0,0.8662097111999034,2,0.0,0.0
40060,"Richmond, VA",VA,20,122466149.0,24071233.0,50752906.0,46987257.0,0.0,0.005346399844744036,0.19655417596253474,0.4144239564518355,0.0,0.3836754677408857,0.0,0.3836754677408857,10,0.05,0.032603736074039526
40140,"Riverside-San Bernardino-Ontario, CA",CA,28,40926587.0,20222795.0,12844885.0,0.0,0.0,0.19202449009491068,0.4941236609835069,0.31385184892158247,0.0,0.0,0.0,0.31385184892158247,11,0.0,0.0
40220,"Roanoke, VA",VA,7,43673315.0,5525155.0,12719272.0,25428888.0,0.0,0.0,0.1265110056335316,0.2912366968250521,0.5822522975414163,0.0,0.0,0.5822522975414163,3,0.0,0.0
40340,"Rochester, MN",MN,6,19886246.0,4969830.0,13396039.0,0.0,0.0,0.07645369568494728,0.24991292977065657,0.6736333745443962,0.0,0.0,0.0,0.6736333745443962,2,0.0,0.0
40380,"Rochester, NY",NY,2,65752888.0,0.0,0.0,12768764.0,52984124.0,0.0,0.0,0.0,0.19419320410686752,0.0,0.8058067958931325,1.0,0,0.0,0.0
40420,"Rockford, IL",IL,4,140917765.0,2013382.0,0.0,10676136.0,127843678.0,0.002729031360950126,0.014287637900019206,0.0,0.07576146272260278,0.0,0.9072218680164279,0.9829833307390307,1,0.0,0.0
40484,"Rockingham County-Strafford County, NH",NH,7,67699958.0,5181738.0,6080401.0,56437819.0,0.0,0.0,0.07653975206306628,0.08981395527601362,0.8336462926609202,0.0,0.0,0.4864291644021404,2,0.14285714285714285,0.03720798467851339
40580,"Rocky Mount, NC",NC,2,11389155.0,1967659.0,9421496.0,0.0,0.0,0.0,0.17276602171100489,0.8272339782889951,0.0,0.0,0.0,1.0,1,0.0,0.0
40660,"Rome, GA",GA,3,23520700.0,4284109.0,8461386.0,10775205.0,0.0,0.0,0.18214207060164025,0.3597420995123444,0.4581158298860153,0.0,0.0,0.8178579293983598,1,0.0,0.0
40900,"Sacramento-Roseville-Folsom, CA",CA,26,100575546.0,37393442.0,21174770.0,37496201.0,0.0,0.04485317932054776,0.37179457121714254,0.2105359686538515,0.1310405712338862,0.24177570957457192,0.0,0.37281628080845813,14,0.0,0.0
40980,"Saginaw, MI",MI,7,47910727.0,4565240.0,24648541.0,17571822.0,0.0,0.02348375970166347,0.09528638544766811,0.5144681064847962,0.3667617483658722,0.0,0.0,0.565798531923759,1,0.0,0.0
41060,"St. Cloud, MN",MN,2,9479592.0,4334538.0,5145054.0,0.0,0.0,0.0,0.45724942592466006,0.54275057407534,0.0,0.0,0.0,1.0,1,0.0,0.0
41100,"St. George, UT",UT,10,40112621.0,11613824.0,7924889.0,19281870.0,0.0,0.0322102612043227,0.2895304198646107,0.19756597306368986,0.4806933458673768,0.0,0.0,0.6782593189310666,5,0.0,0.0
41140,"St. Joseph, MO-KS",MO,3,3823019.0,3057192.0,0.0,0.0,0.0,0.20031995655789311,0.7996800434421069,0.0,0.0,0.0,0.0,0.9389435417401797,1,0.0,0.0
41180,"St. Louis, MO-IL",MO,38,386856890.0,57206730.0,39803715.0,44623794.0,239038184.0,0.01598644656425791,0.1478756911890596,0.10289002478410039,0.0,0.1153496167536269,0.6178982207089552,0.6178982207089552,18,0.0,0.0
41304,"St. Petersburg-Clearwater-Largo, FL",FL,38,135999240.0,41459105.0,42375110.0,49732746.0,0.0,0.017884504354583157,0.30484806385682744,0.31158343237800445,0.36568399941058494,0.0,0.0,0.19585155769988127,21,0.02631578947368421,0.013460766398400461
41420,"Salem, OR",OR,4,40151684.0,4964557.0,14737402.0,20449725.0,0.0,0.0,0.12364505060360606,0.36704318553612847,0.0,0.5093117638602654,0.0,0.6970937258820825,1,0.0,0.0
41500,"Salinas, CA",CA,2,21723247.0,4757154.0,0.0,16966093.0,0.0,0.0,0.21898908574763248,0.0,0.7810109142523676,0.0,0.0,1.0,1,0.0,0.0
41540,"Salisbury, MD",MD,3,32639363.0,2749316.0,5252435.0,24637612.0,0.0,0.0,0.08423313898619897,0.16092333051965504,0.0,0.754843530494146,0.0,0.915766861013801,1,0.0,0.0
41620,"Salt Lake City-Murray, UT",UT,22,178186966.0,18717268.0,32315042.0,67076532.0,56391242.0,0.020691086911485995,0.10504285706284489,0.1813546901067949,0.0930979542016558,0.2833410946567214,0.316472317060497,0.4871975372205395,7,0.045454545454545456,0.033986795644749906
41660,"San Angelo, TX",TX,3,15840809.0,2108966.0,13731843.0,0.0,0.0,0.0,0.13313499329485004,0.86686500670515,0.0,0.0,0.0,0.86686500670515,1,0.0,0.0
41700,"San Antonio-New Braunfels, TX",TX,66,239882971.0,71008654.0,59473973.0,96982448.0,0.0,0.051766475745375025,0.29601373413038146,0.24792911623559974,0.3124672363675202,0.09182343752112358,0.0,0.17311714052432675,28,0.0,0.0
41740,"San Diego-Chula Vista-Carlsbad, CA",CA,11,38221926.0,4546281.0,5222707.0,24247407.0,0.0,0.1100292800525018,0.11894432007429454,0.1366416490890595,0.0,0.6343847507841441,0.0,0.7710263998732036,2,0.0,0.0
41780,"Sandusky, OH",OH,1,361471.0,0.0,0.0,0.0,0.0,1.0,0.0,0.0,0.0,0.0,0.0,1.0,0,0.0,0.0
41884,"San Francisco-San Mateo-Redwood City, CA",CA,5,22517427.0,7199497.0,15317930.0,0.0,0.0,0.0,0.319730002899532,0.680269997100468,0.0,0.0,0.0,0.680269997100468,3,0.0,0.0
41940,"San Jose-Sunnyvale-Santa Clara, CA",CA,5,9337479.0,8186459.0,0.0,0.0,0.0,0.12326881806106338,0.8767311819389366,0.0,0.0,0.0,0.0,0.7470453213335205,3,0.0,0.0
41980,"San Juan-Bayamón-Caguas, PR",PR,18,56495069.0,30922642.0,23158096.0,0.0,0.0,0.04273525181463182,0.5473511679399843,0.4099135802453839,0.0,0.0,0.0,0.31741412688601195,11,0.0,0.0
42020,"San Luis Obispo-Paso Robles, CA",CA,1,1061410.0,1061410.0,0.0,0.0,0.0,0.0,1.0,0.0,0.0,0.0,0.0,1.0,1,0.0,0.0
42034,"San Rafael, CA",CA,1,4049229.0,4049229.0,0.0,0.0,0.0,0.0,1.0,0.0,0.0,0.0,0.0,1.0,1,0.0,0.0
42140,"Santa Fe, NM",NM,1,1979080.0,1979080.0,0.0,0.0,0.0,0.0,1.0,0.0,0.0,0.0,0.0,1.0,1,0.0,0.0
42200,"Santa Maria-Santa Barbara, CA",CA,1,3156358.0,3156358.0,0.0,0.0,0.0,0.0,1.0,0.0,0.0,0.0,0.0,1.0,1,0.0,0.0
42220,"Santa Rosa-Petaluma, CA",CA,3,10485324.0,4005153.0,6008035.0,0.0,0.0,0.045028269989558736,0.38197703761943835,0.5729946923910029,0.0,0.0,0.0,0.9549717300104412,1,0.0,0.0
42340,"Savannah, GA",GA,4,27785569.0,4792444.0,8359678.0,14633447.0,0.0,0.0,0.17247960623012615,0.3008640204560864,0.5266563733137875,0.0,0.0,0.8275203937698739,2,0.0,0.0
42540,"Scranton--Wilkes-Barre, PA",PA,27,101625601.0,59558092.0,23097958.0,16336593.0,0.0,0.025908412585919173,0.5860540199904943,0.22728483544220318,0.16075273198138332,0.0,0.0,0.2542527940375969,19,0.0,0.0
42644,"Seattle-Bellevue-Kent, WA",WA,11,68340787.0,15864890.0,19681970.0,32793927.0,0.0,0.0,0.23214380015846175,0.2879974150722028,0.16992765974439247,0.309931125024943,0.0,0.47985878476933547,6,0.18181818181818182,0.4465495839256285
42680,"Sebastian-Vero Beach-West Vero Corridor, FL",FL,7,21539819.0,11552969.0,9391542.0,0.0,0.0,0.027637558142898044,0.5363540427150293,0.4360083991420726,0.0,0.0,0.0,0.6160098188383105,5,0.0,0.0
42700,"Sebring, FL",FL,2,3922029.0,3922029.0,0.0,0.0,0.0,0.0,1.0,0.0,0.0,0.0,0.0,1.0,2,0.5,0.2667206183330108
43300,"Sherman-Denison, TX",TX,12,39612722.0,20273036.0,0.0,17270166.0,0.0,0.05224382207312085,0.5117809374473181,0.0,0.4359752404795611,0.0,0.0,0.5388599147516295,8,0.0,0.0
43340,"Shreveport-Bossier City, LA",LA,9,31799912.0,15743981.0,14189230.0,0.0,0.0,0.0587014517524451,0.49509511221288915,0.4462034360346658,0.0,0.0,0.0,0.4462034360346658,5,0.0,0.0
43580,"Sioux City, IA-NE-SD",IA,3,15736183.0,6618696.0,9117487.0,0.0,0.0,0.0,0.4206036495635568,0.5793963504364432,0.0,0.0,0.0,0.8150075529752037,2,0.0,0.0
43620,"Sioux Falls, SD-MN",SD,3,16816984.0,6577779.0,0.0,10239205.0,0.0,0.0,0.39113904134058763,0.0,0.6088609586594124,0.0,0.0,0.8834120315509606,2,0.0,0.0
43640,"Slidell-Mandeville-Covington, LA",LA,9,32779965.0,13668201.0,18314852.0,0.0,0.0,0.02431094725085887,0.41696813892266205,0.558720913826479,0.0,0.0,0.0,0.3869257334472444,4,0.0,0.0
43780,"South Bend-Mishawaka, IN-MI",IN,4,21361337.0,7287496.0,0.0,14073841.0,0.0,0.0,0.3411535523268043,0.0,0.6588464476731958,0.0,0.0,0.8215749791316901,3,0.0,0.0
44060,"Spokane-Spokane Valley, WA",WA,9,55860237.0,10856128.0,16492562.0,28511547.0,0.0,0.0,0.19434446724599466,0.29524690344582677,0.5104086293081785,0.0,0.0,0.5104086293081785,4,0.1111111111111111,0.3159224333401951
44100,"Springfield, IL",IL,5,19111081.0,6398644.0,12185034.0,0.0,0.0,0.027596712085517297,0.33481329496745893,0.6375899929470238,0.0,0.0,0.0,0.6375899929470238,2,0.0,0.0
44140,"Springfield, MA",MA,10,76201047.0,9844744.0,23958464.0,42397839.0,0.0,0.0,0.12919434033498253,0.3144112179980939,0.5563944416669235,0.0,0.0,0.3892447698258004,4,0.0,0.0
44180,"Springfield, MO",MO,9,66935397.0,10853844.0,23481615.0,32580334.0,0.0,0.00029287941625265925,0.16215402442447605,0.35081012517188775,0.48674297098738356,0.0,0.0,0.48674297098738356,3,0.0,0.0
44220,"Springfield, OH",OH,1,6848012.0,0.0,6848012.0,0.0,0.0,0.0,0.0,1.0,0.0,0.0,0.0,1.0,0,0.0,0.0
44300,"State College, PA",PA,3,4369130.0,4019575.0,0.0,0.0,0.0,0.08000563041154646,0.9199943695884536,0.0,0.0,0.0,0.0,0.9199943695884535,2,0.0,0.0
44420,"Staunton-Stuarts Draft, VA",VA,2,8605333.0,1388935.0,7216398.0,0.0,0.0,0.0,0.16140398053160754,0.8385960194683925,0.0,0.0,0.0,1.0,1,0.0,0.0
44700,"Stockton-Lodi, CA",CA,5,6317904.0,5345765.0,0.0,0.0,0.0,0.15387049249244686,0.8461295075075531,0.0,0.0,0.0,0.0,0.6569700964117213,3,0.0,0.0
44940,"Sumter, SC",SC,1,3410963.0,3410963.0,0.0,0.0,0.0,0.0,1.0,0.0,0.0,0.0,0.0,1.0,1,0.0,0.0
45060,"Syracuse, NY",NY,5,92528297.0,4882806.0,0.0,33672332.0,52984124.0,0.010689000360614008,0.05277094854561086,0.0,0.13182226838131475,0.23209161625443078,0.5726261664580296,0.8047177827124604,1,0.0,0.0
45104,"Tacoma-Lakewood, WA",WA,6,37652090.0,6387273.0,8574757.0,22385074.0,0.0,0.008100108121488077,0.1696392683646512,0.22773654795789555,0.5945240755559652,0.0,0.0,0.5945240755559652,2,0.0,0.0
45220,"Tallahassee, FL",FL,7,19591203.0,10913043.0,7868960.0,0.0,0.0,0.0413042527301667,0.557037921561019,0.4016578257088143,0.0,0.0,0.0,0.6528589387798187,4,0.0,0.0
45294,"Tampa, FL",FL,70,298902763.0,80544606.0,97002490.0,112370923.0,0.0,0.030059086472880813,0.26946758601893556,0.3245285825611455,0.23121768198576337,0.1447270629612748,0.0,0.1447270629612748,30,0.02857142857142857,0.0059503063208552545
45460,"Terre Haute, IN",IN,3,13229976.0,3564401.0,9245478.0,0.0,0.0,0.03175342117022737,0.26941855374491985,0.6988280250848528,0.0,0.0,0.0,0.9682465788297726,1,0.3333333333333333,0.26941855374491985
45500,"Texarkana, TX-AR",TX,5,12398002.0,11416671.0,0.0,0.0,0.0,0.07915235051583312,0.9208476494841669,0.0,0.0,0.0,0.0,0.5192422133824466,4,0.0,0.0
45780,"Toledo, OH",OH,10,56304993.0,5518365.0,19104902.0,29442627.0,0.0,0.039767325785832176,0.09800844838041273,0.3393109737177305,0.0,0.5229132521160246,0.0,0.6527981452728358,2,0.0,0.0
45820,"Topeka, KS",KS,7,21599636.0,13763387.0,6381970.0,0.0,0.0,0.06732886609755831,0.6372045806697854,0.2954665532326563,0.0,0.0,0.0,0.5138289830439735,4,0.0,0.0
45900,"Traverse City, MI",MI,3,18259330.0,2855931.0,0.0,15403399.0,0.0,0.0,0.15640940823129873,0.0,0.8435905917687012,0.0,0.0,0.9280628040568849,2,0.0,0.0
45940,"Trenton-Princeton, NJ",NJ,1,2594863.0,2594863.0,0.0,0.0,0.0,0.0,1.0,0.0,0.0,0.0,0.0,1.0,1,0.0,0.0
46140,"Tulsa, OK",OK,26,108957947.0,42817184.0,36257587.0,28528450.0,0.0,0.012433475825310842,0.39296981247269647,0.33276679671653503,0.26182991498545766,0.0,0.0,0.26182991498545766,16,0.0,0.0
46300,"Twin Falls, ID",ID,4,18906242.0,7269270.0,0.0,10950711.0,0.0,0.03629811783854242,0.38449047674307774,0.0,0.5792114054183798,0.0,0.0,0.8184602735964133,2,0.0,0.0
46340,"Tyler, TX",TX,9,41892204.0,1829597.0,26375102.0,12187919.0,0.0,0.03579630233825845,0.04367392558290798,0.6295945183500014,0.2909352537288322,0.0,0.0,0.5124090152907687,1,0.0,0.0
46520,"Urban Honolulu, HI",HI,4,42039050.0,2681265.0,7943527.0,31414258.0,0.0,0.0,0.06378034232457679,0.18895591123015387,0.7472637464452694,0.0,0.0,0.7472637464452694,1,0.0,0.0
46540,"Utica-Rome, NY",NY,2,6692553.0,6692553.0,0.0,0.0,0.0,0.0,1.0,0.0,0.0,0.0,0.0,1.0,2,0.0,0.0
46660,"Valdosta, GA",GA,4,13179696.0,5194633.0,6991670.0,0.0,0.0,0.0753729828062802,0.3941390605671026,0.5304879566266172,0.0,0.0,0.0,0.8453566000308353,2,0.25,0.07927041716288448
46700,"Vallejo, CA",CA,2,2121226.0,1304110.0,0.0,0.0,0.0,0.3852093082019549,0.6147906917980451,0.0,0.0,0.0,0.0,1.0,1,0.0,0.0
47020,"Victoria, TX",TX,5,12475319.0,12475319.0,0.0,0.0,0.0,0.0,1.0,0.0,0.0,0.0,0.0,0.5367253534759312,5,0.0,0.0
47220,"Vineland, NJ",NJ,1,32968786.0,0.0,0.0,32968786.0,0.0,0.0,0.0,0.0,0.0,1.0,0.0,1.0,0,0.0,0.0
47260,"Virginia Beach-Chesapeake-Norfolk, VA-NC",VA,25,148443478.0,33100922.0,56330912.0,57567858.0,0.0,0.009726166615417082,0.22298670474427984,0.37947717716503515,0.2430638212343691,0.14474613024089883,0.0,0.22824692237405,12,0.0,0.0
47380,"Waco, TX",TX,7,37841663.0,6962870.0,11432749.0,19446044.0,0.0,0.0,0.18400010591500696,0.30212068111277246,0.5138792129722206,0.0,0.0,0.6684393072260064,4,0.0,0.0
47460,"Walla Walla, WA",WA,1,5559923.0,0.0,5559923.0,0.0,0.0,0.0,0.0,1.0,0.0,0.0,0.0,1.0,0,1.0,1.0
47664,"Warren-Troy-Farmington Hills, MI",MI,116,486252176.0,90158015.0,62322704.0,197701820.0,108935287.0,0.055803040766238134,0.1854141111339726,0.12816951178024136,0.11309709388323642,0.2934858064264992,0.22403043600981232,0.32538953820537764,46,0.0,0.0
47764,"Washington, DC-MD",MD,5,37539748.0,2645068.0,21633538.0,13261142.0,0.0,0.0,0.07046046233448344,0.5762835168739012,0.35325602079161533,0.0,0.0,0.6185138216697672,1,0.2,0.35325602079161533
47940,"Waterloo-Cedar Falls, IA",IA,1,18722866.0,0.0,0.0,18722866.0,0.0,0.0,0.0,0.0,1.0,0.0,0.0,1.0,0,0.0,0.0
48060,"Watertown-Fort Drum, NY",NY,2,4067855.0,4067855.0,0.0,0.0,0.0,0.0,1.0,0.0,0.0,0.0,0.0,1.0,2,0.0,0.0
48140,"Wausau, WI",WI,2,28557079.0,1707155.0,0.0,26849924.0,0.0,0.0,0.05978044883372,0.0,0.0,0.94021955116628,0.0,1.0,1,0.0,0.0
48260,"Weirton-Steubenville, WV-OH",OH,3,5260602.0,4304331.0,0.0,0.0,0.0,0.18177976588991146,0.8182202341100886,0.0,0.0,0.0,0.0,0.8182202341100886,2,0.0,0.0
48300,"Wenatchee-East Wenatchee, WA",WA,1,938509.0,0.0,0.0,0.0,0.0,1.0,0.0,0.0,0.0,0.0,0.0,1.0,0,0.0,0.0
48424,"West Palm Beach-Boca Raton-Delray Beach, FL",FL,70,226029795.0,100380691.0,84401563.0,33175204.0,0.0,0.03571359696185186,0.44410380056310717,0.37340901450625125,0.1467735879687897,0.0,0.0,0.10177599815988861,40,0.014285714285714285,0.0015338951221010486
48540,"Wheeling, WV-OH",OH,2,4043970.0,4043970.0,0.0,0.0,0.0,0.0,1.0,0.0,0.0,0.0,0.0,1.0,2,0.0,0.0
48620,"Wichita, KS",KS,18,65075534.0,18143727.0,32686766.0,12817850.0,0.0,0.021931299096216408,0.278810266850826,0.5022896316148554,0.19696880243810216,0.0,0.0,0.32099144972056626,8,0.0,0.0
48660,"Wichita Falls, TX",TX,11,62337239.0,12336848.0,8393950.0,39963155.0,0.0,0.026361225270179194,0.1979049473140766,0.1346538623566565,0.19868881263733865,0.44239115242174903,0.0,0.6410799650590877,6,0.0,0.0
48680,"Wildwood-The Villages, FL",FL,3,17994865.0,2657135.0,15337730.0,0.0,0.0,0.0,0.14766073543758176,0.8523392645624183,0.0,0.0,0.0,0.8523392645624183,1,0.0,0.0
48700,"Williamsport, PA",PA,1,21051887.0,0.0,0.0,21051887.0,0.0,0.0,0.0,0.0,0.0,1.0,0.0,1.0,0,0.0,0.0
48864,"Wilmington, DE-MD-NJ",MD,1,7025467.0,0.0,7025467.0,0.0,0.0,0.0,0.0,1.0,0.0,0.0,0.0,1.0,0,0.0,0.0
48900,"Wilmington, NC",NC,6,54243062.0,9890961.0,7825396.0,36098960.0,0.0,0.007885708959424156,0.18234518176720924,0.14426538088871163,0.0,0.665503728384655,0.0,0.8097691092733666,3,0.0,0.0
49020,"Winchester, VA-WV",VA,4,12201551.0,6167384.0,6034167.0,0.0,0.0,0.0,0.505459019103391,0.494540980896609,0.0,0.0,0.0,0.712570229801113,3,0.0,0.0
49180,"Winston-Salem, NC",NC,15,80405386.0,11776611.0,44901085.0,23414411.0,0.0,0.003896243965547283,0.14646544946628326,0.5584337969598205,0.29120450960834887,0.0,0.0,0.29120450960834887,4,0.0,0.0
49340,"Worcester, MA",MA,14,124329025.0,12379101.0,20251747.0,89678521.0,0.0,0.016244444931503323,0.09956726516595783,0.1628883279668605,0.13984945993101772,0.5814505020046606,0.0,0.5814505020046606,5,0.0,0.0
49420,"Yakima, WA",WA,3,8295955.0,2248780.0,5132331.0,0.0,0.0,0.110275911573773,0.2710694549331572,0.6186546334930698,0.0,0.0,0.0,0.889724088426227,1,0.0,0.0
49620,"York-Hanover, PA",PA,3,42197517.0,4474994.0,5746651.0,31975872.0,0.0,0.0,0.10604875163626334,0.13618457692664712,0.0,0.7577666714370895,0.0,0.8939512483637366,1,0.0,0.0
49660,"Youngstown-Warren, OH",OH,11,51006153.0,17440192.0,0.0,33565961.0,0.0,0.0,0.341923296979484,0.0,0.2655021836287085,0.3925745193918075,0.0,0.658076703020516,9,0.09090909090909091,0.2655021836287085
49700,"Yuba City, CA",CA,1,10510648.0,0.0,0.0,10510648.0,0.0,0.0,0.0,0.0,1.0,0.0,0.0,1.0,0,0.0,0.0
99905,,CA,3,7738952.0,6933763.0,0.0,0.0,0.0,0.10404367413055411,0.8959563258694458,0.0,0.0,0.0,0.0,0.8959563258694458,2,0.0,0.0
99910,,FL,13,50295867.0,18363008.0,30071868.0,0.0,0.0,0.037000873252667064,0.3650997407003641,0.5978993860469688,0.0,0.0,0.0,0.3566351684523104,7,0.0,0.0
99911,,GA,16,102470493.0,12871259.0,16234730.0,70800278.0,0.0,0.02502404277492839,0.12560941811805276,0.15843321842903596,0.6909333206779829,0.0,0.0,0.33562425624320946,5,0.0,0.0
99912,,HI,2,6110533.0,6110533.0,0.0,0.0,0.0,0.0,1.0,0.0,0.0,0.0,0.0,1.0,2,0.0,0.0
99913,,ID,9,17289613.0,8519388.0,5931003.0,0.0,0.0,0.16421547434289016,0.4927460203996469,0.343038505257463,0.0,0.0,0.0,0.5630803882076482,4,0.0,0.0
99914,,IL,25,233507146.0,37811059.0,6247494.0,57788621.0,127843678.0,0.016343371350185574,0.16192677460928756,0.026755044147556837,0.14741473907612232,0.10006642794563554,0.5474936428712122,0.6475600708168477,14,0.0,0.0
99915,,IN,12,27658932.0,18467796.0,6711803.0,0.0,0.0,0.08963950596501702,0.6676973644535515,0.2426631295814314,0.0,0.0,0.0,0.3935812489072246,7,0.0,0.0
99916,,IA,32,50335075.0,25062074.0,0.0,13396446.0,0.0,0.2359498818666705,0.49790477117596427,0.0,0.2661453469573652,0.0,0.0,0.3379948276624203,11,0.0,0.0
99917,,KS,24,58480486.0,22510253.0,22024826.0,10540683.0,0.0,0.05821983079962776,0.38491904803937504,0.376618381728223,0.18024273943277422,0.0,0.0,0.27888590050363127,11,0.0,0.0
99918,,KY,38,128993416.0,60283036.0,11946231.0,54841423.0,0.0,0.014905613477202588,0.4673342087475224,0.0926111686196449,0.22433303882734604,0.20081597032828405,0.0,0.3145046720834186,30,0.07894736842105263,0.07872725845170268
99919,,LA,37,97824467.0,58660121.0,35970684.0,0.0,0.0,0.032646863284212936,0.5996467223276565,0.3677064143881305,0.0,0.0,0.0,0.15210721260561533,25,0.0,0.0
99920,,ME,6,17236722.0,2843364.0,0.0,12819807.0,0.0,0.09129061778683906,0.16495967156632219,0.0,0.7437497106468388,0.0,0.0,0.8289992145838403,2,0.0,0.0
99921,,MD,4,21660303.0,1825708.0,5459659.0,14071018.0,0.0,0.014031105659048259,0.08428820224721695,0.252058292998025,0.6496223990957097,0.0,0.0,0.9016806920937348,1,0.0,0.0
99922,,MA,1,5990111.0,0.0,5990111.0,0.0,0.0,0.0,0.0,1.0,0.0,0.0,0.0,1.0,0,0.0,0.0
99923,,MI,19,395053118.0,26248931.0,22035918.0,0.0,345714252.0,0.002668038681319812,0.06644405474607595,0.05577963315809091,0.0,0.0,0.8751082734145134,0.5993598182409485,10,0.05263157894736842,0.0007232217314128375
99924,,MN,9,27612074.0,13075064.0,13250805.0,0.0,0.0,0.046581252824398484,0.47352705197009104,0.47989169520551045,0.0,0.0,0.0,0.47989169520551045,5,0.0,0.0
99925,,MS,20,246285243.0,5925433.0,65027099.0,174882154.0,0.0,0.0018294112733339854,0.024059228753709777,0.26403164967541315,0.3420510947949894,0.36802861550255367,0.0,0.25470686849069557,2,0.05,0.0018294112733339854
99926,,MO,25,52845918.0,35673908.0,0.0,12908789.0,0.0,0.08067266425384076,0.6750551291397757,0.0,0.2442722066063835,0.0,0.0,0.32629627136006983,17,0.0,0.0
99927,,MT,1,1190660.0,1190660.0,0.0,0.0,0.0,0.0,1.0,0.0,0.0,0.0,0.0,1.0,1,0.0,0.0
99928,,NE,7,11880184.0,11160155.0,0.0,0.0,0.0,0.06060756298050603,0.9393924370194939,0.0,0.0,0.0,0.0,0.43930817906524006,6,0.0,0.0
99929,,NV,1,1666597.0,1666597.0,0.0,0.0,0.0,0.0,1.0,0.0,0.0,0.0,0.0,1.0,1,0.0,0.0
99930,,NH,8,88358487.0,9615683.0,16387017.0,62355787.0,0.0,0.0,0.10882579960881404,0.18546058852275277,0.2995891837758607,0.4061244280925725,0.0,0.5803397471031844,3,0.0,0.0
99932,,NM,22,56424896.0,27571351.0,25203255.0,0.0,0.0,0.06469289726293868,0.48863804729033083,0.44666905544673047,0.0,0.0,0.0,0.24134573504575002,12,0.0,0.0
99933,,NY,14,142241574.0,22014969.0,13242221.0,0.0,105968248.0,0.007143734222176141,0.15477169143249217,0.0930966990002515,0.0,0.0,0.7449878753450802,0.7449878753450802,8,0.0,0.0
99934,,NC,47,229179270.0,88524698.0,32532452.0,102693092.0,0.0,0.023689001191076312,0.38626834791820397,0.14195198370253995,0.1266132665489335,0.3214774006392463,0.0,0.22755955196122232,31,0.02127659574468085,0.003456582264181224
99935,,ND,4,6517444.0,5669829.0,0.0,0.0,0.0,0.1300532846925881,0.869946715307412,0.0,0.0,0.0,0.0,0.6988038562356654,3,0.0,0.0
99936,,OH,44,149724730.0,62150257.0,18722581.0,61115739.0,0.0,0.05166917315529639,0.415096804649439,0.1250466840047065,0.2660269415747151,0.14216039661584295,0.0,0.24215796548773205,25,0.022727272727272728,0.002748016309663741
99937,,OK,88,208059790.0,93653506.0,61800771.0,32445565.0,0.0,0.09689497427638469,0.4501278502684253,0.2970337084354454,0.15594346701974465,0.0,0.0,0.1076359636814014,45,0.0,0.0
99938,,OR,8,31508642.0,16251524.0,0.0,14789713.0,0.0,0.014834184221585939,0.5157798930210956,0.0,0.46938592275731844,0.0,0.0,0.613911796008219,6,0.0,0.0
99939,,PA,23,117299157.0,50734442.0,21058713.0,44589611.0,0.0,0.007812426137043764,0.4325217955317445,0.17952996030482982,0.3801358180263819,0.0,0.0,0.2882265897273243,15,0.0,0.0
99940,,PR,1,243686.0,0.0,0.0,0.0,0.0,1.0,0.0,0.0,0.0,0.0,0.0,1.0,0,0.0,0.0
99942,,SC,7,56382028.0,1426397.0,15079257.0,39518122.0,0.0,0.006354010536832765,0.025298788472099657,0.2674479357145507,0.7008992652765168,0.0,0.0,0.4937993007275297,1,0.0,0.0
99943,,SD,7,29296926.0,12880865.0,6129784.0,10036638.0,0.0,0.008520996366649524,0.4396660932959315,0.20922959630645208,0.3425833140309669,0.0,0.0,0.551812910337419,4,0.0,0.0
99944,,TN,26,173978122.0,28293346.0,35501394.0,107489106.0,0.0,0.015486292006301803,0.16262588465002512,0.20405665719279348,0.3043987277894631,0.3134324383614165,0.0,0.3134324383614165,11,0.038461538461538464,0.0035077628898649684
99945,,TX,113,325230441.0,171229840.0,67267696.0,70224750.0,0.0,0.050758332920011015,0.5264877404264874,0.20683087288252947,0.1488158360920465,0.06710721767892569,0.0,0.11330951951081357,71,0.02654867256637168,0.02368212205572725
99946,,UT,6,3309301.0,1363248.0,0.0,0.0,0.0,0.5880556044917038,0.41194439550829615,0.0,0.0,0.0,0.0,0.6520476680725024,1,0.0,0.0
99947,,VT,8,117103571.0,0.0,19264120.0,97839451.0,0.0,0.0,0.0,0.1645049748312116,0.34574072040894466,0.4897543047598438,0.0,0.4897543047598438,0,0.0,0.0
99948,,VI,2,701700.0,0.0,0.0,0.0,0.0,1.0,0.0,0.0,0.0,0.0,0.0,1.0,0,0.0,0.0
99949,,VA,32,83091327.0,43040704.0,33679588.0,0.0,0.0,0.07667509028950759,0.5179927382794115,0.4053321714310809,0.0,0.0,0.0,0.17289676935837117,18,0.0,0.0
99950,,WA,4,45582757.0,7257853.0,5718157.0,32606747.0,0.0,0.0,0.1592236511714287,0.1254456153233557,0.0,0.7153307335052156,0.0,0.8407763488285713,2,0.0,0.0
99951,,WV,15,58154733.0,16558601.0,12837649.0,26817231.0,0.0,0.03338080840298931,0.284733505697636,0.22074985710965261,0.0,0.4611358287897221,0.0,0.5955294472764582,8,0.0,0.0
99952,,WI,13,45416668.0,28632422.0,0.0,15876910.0,0.0,0.019978039780461216,0.6304386310329944,0.0,0.34958332918654444,0.0,0.0,0.4520571830588717,11,0.0,0.0
99953,,WY,11,23954631.0,21312620.0,0.0,0.0,0.0,0.1102922854457662,0.8897077145542338,0.0,0.0,0.0,0.0,0.37845521394172177,6,0.0,0.0
99965,,GU,3,7572683.0,7572683.0,0.0,0.0,0.0,0.0,1.0,0.0,0.0,0.0,0.0,0.7622808190967455,3,0.0,0.0
